timestamp,outlier_score
2012-03-01 00:00:00,-1.0
2012-03-01 01:00:00,-1.4
2012-03-01 02:00:00,-1.6584962500721154
2012-03-01 03:00:00,-1.0
2012-03-01 04:00:00,-1.5584962500721156
2012-03-01 05:00:00,-2.375488750216346
2012-03-01 06:00:00,-1.7
2012-03-01 07:00:00,-2.475488750216347
2012-03-01 08:00:00,-2.61357092861044
2012-03-01 09:00:00,-3.1568668693380504
2012-03-01 10:00:00,-3.3820808458111005
2012-03-01 11:00:00,-3.669152544116604
2012-03-01 12:00:00,-3.8838730366108267
2012-03-01 13:00:00,-4.028291421104663
2012-03-01 14:00:00,-4.092424347279231
2012-03-01 15:00:00,-2.8568668693380506
2012-03-01 16:00:00,-2.2584962500721155
2012-03-01 17:00:00,-2.0
2012-03-01 18:00:00,-2.862935662007961
2012-03-01 19:00:00,-3.2509775004326933
2012-03-01 20:00:00,-3.2637077657143663
2012-03-01 21:00:00,-3.3299208018387274
2012-03-01 22:00:00,-3.2943064208162
2012-03-01 23:00:00,-3.7808983022714218
2012-03-02 00:00:00,-2.914720492494223
2012-03-02 01:00:00,-4.076239177188568
2012-03-02 02:00:00,-4.291916594046463
2012-03-02 03:00:00,-4.430939813254731
2012-03-02 04:00:00,-4.503631449386221
2012-03-02 05:00:00,-4.676881804104512
2012-03-02 06:00:00,-4.732157583141573
2012-03-02 07:00:00,-5.012104111769824
2012-03-02 08:00:00,-3.624227222654928
2012-03-02 09:00:00,-5.0461827995716195
2012-03-02 10:00:00,-4.8582849027958535
2012-03-02 11:00:00,-5.086702831712946
2012-03-02 12:00:00,-4.894143356285859
2012-03-02 13:00:00,-4.916841885137479
2012-03-02 14:00:00,-5.354262667552956
2012-03-02 15:00:00,-3.8446412943329507
2012-03-02 16:00:00,-5.447876484493057
2012-03-02 17:00:00,-5.407796492174627
2012-03-02 18:00:00,-5.4159718755913735
2012-03-02 19:00:00,-5.6078499356164695
2012-03-02 20:00:00,-5.591469756852076
2012-03-02 21:00:00,-5.715814021538506
2012-03-02 22:00:00,-5.818629398785799
2012-03-02 23:00:00,-5.855618562919653
2012-03-03 00:00:00,-5.856296869610017
2012-03-03 01:00:00,-4.035062940463971
2012-03-03 02:00:00,-5.774747089741558
2012-03-03 03:00:00,-5.885705470035135
2012-03-03 04:00:00,-5.91311472028613
2012-03-03 05:00:00,-5.498586259105598
2012-03-03 06:00:00,-5.19654489276739
2012-03-03 07:00:00,-5.795102078613615
2012-03-03 08:00:00,-4.20281003120178
2012-03-03 09:00:00,-5.539930691115814
2012-03-03 10:00:00,-5.921483360114666
2012-03-03 11:00:00,-5.9745491280534555
2012-03-03 12:00:00,-6.255019928170082
2012-03-03 13:00:00,-6.214679894884592
2012-03-03 14:00:00,-5.791283063088072
2012-03-03 15:00:00,-6.012880849319723
2012-03-03 16:00:00,-5.7877727670155155
2012-03-03 17:00:00,-6.309859887546812
2012-03-03 18:00:00,-4.352782165168081
2012-03-03 19:00:00,-6.352955461890526
2012-03-03 20:00:00,-6.24714680097824
2012-03-03 21:00:00,-6.229454167029955
2012-03-03 22:00:00,-5.867292100083829
2012-03-03 23:00:00,-6.466644250534815
2012-03-04 00:00:00,-6.6242081388427865
2012-03-04 01:00:00,-6.66473210858126
2012-03-04 02:00:00,-6.115779419433247
2012-03-04 03:00:00,-6.546207229339899
2012-03-04 04:00:00,-6.406250584755864
2012-03-04 05:00:00,-6.777319447649242
2012-03-04 06:00:00,-6.753785627462989
2012-03-04 07:00:00,-6.4901685305841905
2012-03-04 08:00:00,-6.808740687064803
2012-03-04 09:00:00,-6.6770462690890735
2012-03-04 10:00:00,-6.747907097331845
2012-03-04 11:00:00,-4.488429525846505
2012-03-04 12:00:00,-6.736784457314539
2012-03-04 13:00:00,-6.934859416370419
2012-03-04 14:00:00,-6.724485307378252
2012-03-04 15:00:00,-6.922389722928211
2012-03-04 16:00:00,-6.9290984468319765
2012-03-04 17:00:00,-7.023052472119112
2012-03-04 18:00:00,-6.989249838499552
2012-03-04 19:00:00,-6.746056225057918
2012-03-04 20:00:00,-6.836483296266418
2012-03-04 21:00:00,-6.890908694188572
2012-03-04 22:00:00,-6.84654295112861
2012-03-04 23:00:00,-7.144224175072068
2012-03-05 00:00:00,-7.100489677606963
2012-03-05 01:00:00,-7.060210356533626
2012-03-05 02:00:00,-6.938963761660039
2012-03-05 03:00:00,-7.2289292353997565
2012-03-05 04:00:00,-4.6122776429939805
2012-03-05 05:00:00,-6.840380210990214
2012-03-05 06:00:00,-7.264429879846479
2012-03-05 07:00:00,-7.178400901360831
2012-03-05 08:00:00,-7.26606085172849
2012-03-05 09:00:00,-7.176300263507221
2012-03-05 10:00:00,-7.111533694726296
2012-03-05 11:00:00,-7.161826221444336
2012-03-05 12:00:00,-7.325034754285928
2012-03-05 13:00:00,-6.9121503998086835
2012-03-05 14:00:00,-7.174859097090573
2012-03-05 15:00:00,-7.41555799819866
2012-03-05 16:00:00,-7.188500693087559
2012-03-05 17:00:00,-7.240003256221597
2012-03-05 18:00:00,-7.457807566563571
2012-03-05 19:00:00,-7.286401501227942
2012-03-05 20:00:00,-7.357370832302941
2012-03-05 21:00:00,-4.726232987889054
2012-03-05 22:00:00,-7.507296115465282
2012-03-05 23:00:00,-7.486943379522995
2012-03-06 00:00:00,-7.505028758662062
2012-03-06 01:00:00,-7.529570088201316
2012-03-06 02:00:00,-7.537046619875433
2012-03-06 03:00:00,-7.551914414206917
2012-03-06 04:00:00,-7.601199265845596
2012-03-06 05:00:00,-7.537028048947728
2012-03-06 06:00:00,-7.599751474229082
2012-03-06 07:00:00,-7.64346621108398
2012-03-06 08:00:00,-7.632242672331769
2012-03-06 09:00:00,-7.640521000191081
2012-03-06 10:00:00,-7.631319609536656
2012-03-06 11:00:00,-7.561602473641412
2012-03-06 12:00:00,-7.1595067277358835
2012-03-06 13:00:00,-7.529786213391665
2012-03-06 14:00:00,-4.831771274914695
2012-03-06 15:00:00,-7.709862102122111
2012-03-06 16:00:00,-7.746261665860237
2012-03-06 17:00:00,-7.73763523237767
2012-03-06 18:00:00,-7.7264056814094175
2012-03-06 19:00:00,-2.5
2012-03-06 20:00:00,-4.803449808321595
2012-03-06 21:00:00,-4.981538329581354
2012-03-06 22:00:00,-5.287852395596729
2012-03-06 23:00:00,-5.514881417780389
2012-03-07 00:00:00,-5.446466464788573
2012-03-07 01:00:00,-6.095502801310093
2012-03-07 02:00:00,-3.1983706192659347
2012-03-07 03:00:00,-5.751482190709266
2012-03-07 04:00:00,-6.324800526561001
2012-03-07 05:00:00,-6.258394652639813
2012-03-07 06:00:00,-6.405471100114309
2012-03-07 07:00:00,-4.963097839577566
2012-03-07 08:00:00,-6.499911173406946
2012-03-07 09:00:00,-6.169961844586515
2012-03-07 10:00:00,-6.652284762816306
2012-03-07 11:00:00,-6.585735021148709
2012-03-07 12:00:00,-5.0532808345458955
2012-03-07 13:00:00,-6.912275769884985
2012-03-07 14:00:00,-7.088804621990347
2012-03-07 15:00:00,-6.989838998658959
2012-03-07 16:00:00,-7.060543925900584
2012-03-07 17:00:00,-7.236470727144249
2012-03-07 18:00:00,-7.282795056329948
2012-03-07 19:00:00,-5.448154719020328
2012-03-07 20:00:00,-7.2533245901428245
2012-03-07 21:00:00,-7.287549801504352
2012-03-07 22:00:00,-6.404595264392375
2012-03-07 23:00:00,-7.13595087619238
2012-03-08 00:00:00,-5.138102429649647
2012-03-08 01:00:00,-6.3285049955390615
2012-03-08 02:00:00,-7.59048433634473
2012-03-08 03:00:00,-7.06539710226038
2012-03-08 04:00:00,-7.308944837712831
2012-03-08 05:00:00,-5.2181695345524375
2012-03-08 06:00:00,-5.293990832087539
2012-03-08 07:00:00,-7.440065091254375
2012-03-08 08:00:00,-2.1
2012-03-08 09:00:00,-4.207681559705083
2012-03-08 10:00:00,-3.7169925001442308
2012-03-08 11:00:00,-4.439874369193818
2012-03-08 12:00:00,-4.896920662296423
2012-03-08 13:00:00,-5.135810170744085
2012-03-08 14:00:00,-5.4743039599854
2012-03-08 15:00:00,-5.732415719327851
2012-03-08 16:00:00,-5.94582383787263
2012-03-08 17:00:00,-5.3733970660606785
2012-03-08 18:00:00,-5.90984896399092
2012-03-08 19:00:00,-6.090851869626514
2012-03-08 20:00:00,-6.41961696886885
2012-03-08 21:00:00,-6.324212746130602
2012-03-08 22:00:00,-5.44159493628527
2012-03-08 23:00:00,-5.506696117799573
2012-03-09 00:00:00,-3.219229281447076
2012-03-09 01:00:00,-5.585107315118863
2012-03-09 02:00:00,-5.678175670742686
2012-03-09 03:00:00,-6.083579674077386
2012-03-09 04:00:00,-6.298987221917011
2012-03-09 05:00:00,-6.3689878409789795
2012-03-09 06:00:00,-6.520857809544141
2012-03-09 07:00:00,-6.636002069258541
2012-03-09 08:00:00,-6.736284694380741
2012-03-09 09:00:00,-6.7601409136506705
2012-03-09 10:00:00,-6.7135067992272015
2012-03-09 11:00:00,-6.885632763879076
2012-03-09 12:00:00,-6.956008078084634
2012-03-09 13:00:00,-7.007936751407752
2012-03-09 14:00:00,-7.0574744873433675
2012-03-09 15:00:00,-5.6442120399352005
2012-03-09 16:00:00,-5.700974837549238
2012-03-09 17:00:00,-5.755575272751483
2012-03-09 18:00:00,-5.8081729203745045
2012-03-09 19:00:00,-7.096108674706928
2012-03-09 20:00:00,-6.715761183486023
2012-03-09 21:00:00,-7.12761698963642
2012-03-09 22:00:00,-7.2359119494896875
2012-03-09 23:00:00,-7.217906711689129
2012-03-10 00:00:00,-7.2603190214213145
2012-03-10 01:00:00,-3.1584962500721154
2012-03-10 02:00:00,-5.938501239866537
2012-03-10 03:00:00,-5.98430503760775
2012-03-10 04:00:00,-6.260592074349494
2012-03-10 05:00:00,-2.3
2012-03-10 06:00:00,-6.289614316077452
2012-03-10 07:00:00,-6.038391842323173
2012-03-10 08:00:00,-5.882340661672886
2012-03-10 09:00:00,-5.930605732959022
2012-03-10 10:00:00,-5.977298546598268
2012-03-10 11:00:00,-6.022518863286589
2012-03-10 12:00:00,-6.366372573578635
2012-03-10 13:00:00,-6.034561445377629
2012-03-10 14:00:00,-6.25420059126563
2012-03-10 15:00:00,-7.127315810967438
2012-03-10 16:00:00,-6.646272902225154
2012-03-10 17:00:00,-6.785693887581052
2012-03-10 18:00:00,-4.575488750216347
2012-03-10 19:00:00,-3.3584962500721156
2012-03-10 20:00:00,-4.067970000576924
2012-03-10 21:00:00,-4.069913862527591
2012-03-10 22:00:00,-2.616992500144231
2012-03-10 23:00:00,-3.6965784284662084
2012-03-11 00:00:00,-4.230563428754671
2012-03-11 01:00:00,-6.112115800173248
2012-03-11 02:00:00,-6.1533656984218
2012-03-11 03:00:00,-6.193462125044643
2012-03-11 04:00:00,-6.232468177055614
2012-03-11 05:00:00,-4.555921602645112
2012-03-11 06:00:00,-4.656599455908218
2012-03-11 07:00:00,-4.981059227557587
2012-03-11 08:00:00,-5.098335392918772
2012-03-11 09:00:00,-5.224532317304135
2012-03-11 10:00:00,-2.9584962500721153
2012-03-11 11:00:00,-2.9584962500721153
2012-03-11 12:00:00,-2.9584962500721153
2012-03-11 13:00:00,-2.9584962500721153
2012-03-11 14:00:00,-2.9584962500721153
2012-03-11 15:00:00,-2.9584962500721153
2012-03-11 16:00:00,-2.9584962500721153
2012-03-11 17:00:00,-2.9584962500721153
2012-03-11 18:00:00,-6.270441886940878
2012-03-11 19:00:00,-6.270441886940878
2012-03-11 20:00:00,-6.270441886940878
2012-03-11 21:00:00,-6.270441886940878
2012-03-11 22:00:00,-2.9584962500721153
2012-03-11 23:00:00,-2.9584962500721153
2012-03-12 00:00:00,-2.9584962500721153
2012-03-12 01:00:00,-2.9584962500721153
2012-03-12 02:00:00,-2.9584962500721153
2012-03-12 03:00:00,-2.9584962500721153
2012-03-12 04:00:00,-2.9584962500721153
2012-03-12 05:00:00,-2.9584962500721153
2012-03-12 06:00:00,-2.9584962500721153
2012-03-12 07:00:00,-2.9584962500721153
2012-03-12 08:00:00,-2.7584962500721155
2012-03-12 09:00:00,-2.9584962500721153
2012-03-12 10:00:00,-2.9584962500721153
2012-03-12 11:00:00,-6.270441886940878
2012-03-12 12:00:00,-6.270441886940878
2012-03-12 13:00:00,-6.270441886940878
2012-03-12 14:00:00,-6.270441886940878
2012-03-12 15:00:00,-2.9584962500721153
2012-03-12 16:00:00,-2.9584962500721153
2012-03-12 17:00:00,-2.9584962500721153
2012-03-12 18:00:00,-2.9584962500721153
2012-03-12 19:00:00,-2.9584962500721153
2012-03-12 20:00:00,-2.9584962500721153
2012-03-12 21:00:00,-2.7584962500721155
2012-03-12 22:00:00,-2.9584962500721153
2012-03-12 23:00:00,-2.9584962500721153
2012-03-13 00:00:00,-2.7584962500721155
2012-03-13 01:00:00,-2.9584962500721153
2012-03-13 02:00:00,-2.4584962500721153
2012-03-13 03:00:00,-2.9584962500721153
2012-03-13 04:00:00,-6.270441886940878
2012-03-13 05:00:00,-6.270441886940878
2012-03-13 06:00:00,-6.270441886940878
2012-03-13 07:00:00,-6.270441886940878
2012-03-13 08:00:00,-2.7584962500721155
2012-03-13 09:00:00,-2.9584962500721153
2012-03-13 10:00:00,-2.9584962500721153
2012-03-13 11:00:00,-2.9584962500721153
2012-03-13 12:00:00,-2.7584962500721155
2012-03-13 13:00:00,-2.9584962500721153
2012-03-13 14:00:00,-2.9584962500721153
2012-03-13 15:00:00,-2.9584962500721153
2012-03-13 16:00:00,-2.9584962500721153
2012-03-13 17:00:00,-2.9584962500721153
2012-03-13 18:00:00,-2.9584962500721153
2012-03-13 19:00:00,-2.9584962500721153
2012-03-13 20:00:00,-2.9584962500721153
2012-03-13 21:00:00,-6.270441886940878
2012-03-13 22:00:00,-3.2794415866350106
2012-03-13 23:00:00,-4.173693037168935
2012-03-14 00:00:00,-2.6
2012-03-14 01:00:00,-2.7584962500721155
2012-03-14 02:00:00,-2.7584962500721155
2012-03-14 03:00:00,-2.7584962500721155
2012-03-14 04:00:00,-2.7584962500721155
2012-03-14 05:00:00,-2.7584962500721155
2012-03-14 06:00:00,-2.7584962500721155
2012-03-14 07:00:00,-2.7584962500721155
2012-03-14 08:00:00,-2.7584962500721155
2012-03-14 09:00:00,-2.7584962500721155
2012-03-14 10:00:00,-2.7584962500721155
2012-03-14 11:00:00,-2.7584962500721155
2012-03-14 12:00:00,-2.7584962500721155
2012-03-14 13:00:00,-2.7584962500721155
2012-03-14 14:00:00,-6.270441886940878
2012-03-14 15:00:00,-2.7584962500721155
2012-03-14 16:00:00,-2.7584962500721155
2012-03-14 17:00:00,-2.7584962500721155
2012-03-14 18:00:00,-2.7584962500721155
2012-03-14 19:00:00,-2.7584962500721155
2012-03-14 20:00:00,-2.7584962500721155
2012-03-14 21:00:00,-2.7584962500721155
2012-03-14 22:00:00,-2.7584962500721155
2012-03-14 23:00:00,-2.7584962500721155
2012-03-15 00:00:00,-2.7584962500721155
2012-03-15 01:00:00,-2.7584962500721155
2012-03-15 02:00:00,-2.7584962500721155
2012-03-15 03:00:00,-2.7584962500721155
2012-03-15 04:00:00,-2.7584962500721155
2012-03-15 05:00:00,-2.7584962500721155
2012-03-15 06:00:00,-2.7584962500721155
2012-03-15 07:00:00,-6.270441886940878
2012-03-15 08:00:00,-2.7584962500721155
2012-03-15 09:00:00,-2.7584962500721155
2012-03-15 10:00:00,-2.7584962500721155
2012-03-15 11:00:00,-2.7584962500721155
2012-03-15 12:00:00,-2.7584962500721155
2012-03-15 13:00:00,-2.7584962500721155
2012-03-15 14:00:00,-2.7584962500721155
2012-03-15 15:00:00,-2.7584962500721155
2012-03-15 16:00:00,-2.7584962500721155
2012-03-15 17:00:00,-2.7584962500721155
2012-03-15 18:00:00,-2.7584962500721155
2012-03-15 19:00:00,-2.7584962500721155
2012-03-15 20:00:00,-2.7584962500721155
2012-03-15 21:00:00,-2.7584962500721155
2012-03-15 22:00:00,-2.7584962500721155
2012-03-15 23:00:00,-2.7584962500721155
2012-03-16 00:00:00,-6.270441886940878
2012-03-16 01:00:00,-2.7584962500721155
2012-03-16 02:00:00,-2.7584962500721155
2012-03-16 03:00:00,-2.7584962500721155
2012-03-16 04:00:00,-2.7584962500721155
2012-03-16 05:00:00,-2.7584962500721155
2012-03-16 06:00:00,-2.7584962500721155
2012-03-16 07:00:00,-2.7584962500721155
2012-03-16 08:00:00,-2.7584962500721155
2012-03-16 09:00:00,-2.7584962500721155
2012-03-16 10:00:00,-2.7584962500721155
2012-03-16 11:00:00,-2.7584962500721155
2012-03-16 12:00:00,-2.7584962500721155
2012-03-16 13:00:00,-2.7584962500721155
2012-03-16 14:00:00,-2.7584962500721155
2012-03-16 15:00:00,-2.7584962500721155
2012-03-16 16:00:00,-2.7584962500721155
2012-03-16 17:00:00,-6.270441886940878
2012-03-16 18:00:00,-2.7584962500721155
2012-03-16 19:00:00,-2.7584962500721155
2012-03-16 20:00:00,-2.7584962500721155
2012-03-16 21:00:00,-2.7584962500721155
2012-03-16 22:00:00,-2.7584962500721155
2012-03-16 23:00:00,-2.7584962500721155
2012-03-17 00:00:00,-2.7584962500721155
2012-03-17 01:00:00,-2.7584962500721155
2012-03-17 02:00:00,-2.7584962500721155
2012-03-17 03:00:00,-2.7584962500721155
2012-03-17 04:00:00,-2.7584962500721155
2012-03-17 05:00:00,-2.8584962500721156
2012-03-17 06:00:00,-2.7584962500721155
2012-03-17 07:00:00,-2.7584962500721155
2012-03-17 08:00:00,-2.7584962500721155
2012-03-17 09:00:00,-2.7584962500721155
2012-03-17 10:00:00,-6.270441886940878
2012-03-17 11:00:00,-2.7584962500721155
2012-03-17 12:00:00,-2.7584962500721155
2012-03-17 13:00:00,-2.7584962500721155
2012-03-17 14:00:00,-2.7584962500721155
2012-03-17 15:00:00,-2.7584962500721155
2012-03-17 16:00:00,-2.7584962500721155
2012-03-17 17:00:00,-2.7584962500721155
2012-03-17 18:00:00,-2.7584962500721155
2012-03-17 19:00:00,-2.7584962500721155
2012-03-17 20:00:00,-2.7584962500721155
2012-03-17 21:00:00,-2.7584962500721155
2012-03-17 22:00:00,-2.7584962500721155
2012-03-17 23:00:00,-2.7584962500721155
2012-03-18 00:00:00,-2.7584962500721155
2012-03-18 01:00:00,-2.7584962500721155
2012-03-18 02:00:00,-2.7584962500721155
2012-03-18 03:00:00,-6.270441886940878
2012-03-18 04:00:00,-2.7584962500721155
2012-03-18 05:00:00,-2.7584962500721155
2012-03-18 06:00:00,-2.7584962500721155
2012-03-18 07:00:00,-2.7584962500721155
2012-03-18 08:00:00,-2.7584962500721155
2012-03-18 09:00:00,-2.7584962500721155
2012-03-18 10:00:00,-2.7584962500721155
2012-03-18 11:00:00,-2.7584962500721155
2012-03-18 12:00:00,-2.6584962500721154
2012-03-18 13:00:00,-2.7584962500721155
2012-03-18 14:00:00,-2.7584962500721155
2012-03-18 15:00:00,-2.7584962500721155
2012-03-18 16:00:00,-2.7584962500721155
2012-03-18 17:00:00,-2.7584962500721155
2012-03-18 18:00:00,-2.7584962500721155
2012-03-18 19:00:00,-2.7584962500721155
2012-03-18 20:00:00,-6.270441886940878
2012-03-18 21:00:00,-2.7584962500721155
2012-03-18 22:00:00,-2.7584962500721155
2012-03-18 23:00:00,-2.7584962500721155
2012-03-19 00:00:00,-2.7584962500721155
2012-03-19 01:00:00,-2.7584962500721155
2012-03-19 02:00:00,-2.7584962500721155
2012-03-19 03:00:00,-2.7584962500721155
2012-03-19 04:00:00,-2.7584962500721155
2012-03-19 05:00:00,-2.7584962500721155
2012-03-19 06:00:00,-2.7584962500721155
2012-03-19 07:00:00,-2.7584962500721155
2012-03-19 08:00:00,-2.7584962500721155
2012-03-19 09:00:00,-2.7584962500721155
2012-03-19 10:00:00,-2.7584962500721155
2012-03-19 11:00:00,-2.7584962500721155
2012-03-19 12:00:00,-2.7584962500721155
2012-03-19 13:00:00,-6.270441886940878
2012-03-19 14:00:00,-2.7584962500721155
2012-03-19 15:00:00,-2.7584962500721155
2012-03-19 16:00:00,-2.7584962500721155
2012-03-19 17:00:00,-2.7584962500721155
2012-03-19 18:00:00,-2.7584962500721155
2012-03-19 19:00:00,-2.7584962500721155
2012-03-19 20:00:00,-2.7584962500721155
2012-03-19 21:00:00,-2.7584962500721155
2012-03-19 22:00:00,-2.7584962500721155
2012-03-19 23:00:00,-2.7584962500721155
2012-03-20 00:00:00,-3.639231742277876
2012-03-20 01:00:00,-2.7584962500721155
2012-03-20 02:00:00,-2.7584962500721155
2012-03-20 03:00:00,-2.7584962500721155
2012-03-20 04:00:00,-2.7584962500721155
2012-03-20 05:00:00,-2.7584962500721155
2012-03-20 06:00:00,-6.270441886940878
2012-03-20 07:00:00,-2.7584962500721155
2012-03-20 08:00:00,-2.7584962500721155
2012-03-20 09:00:00,-2.7584962500721155
2012-03-20 10:00:00,-2.7584962500721155
2012-03-20 11:00:00,-2.7584962500721155
2012-03-20 12:00:00,-2.7584962500721155
2012-03-20 13:00:00,-2.7584962500721155
2012-03-20 14:00:00,-2.7584962500721155
2012-03-20 15:00:00,-2.7584962500721155
2012-03-20 16:00:00,-2.7584962500721155
2012-03-20 17:00:00,-2.6
2012-03-20 18:00:00,-2.7584962500721155
2012-03-20 19:00:00,-2.7584962500721155
2012-03-20 20:00:00,-2.8584962500721156
2012-03-20 21:00:00,-2.7584962500721155
2012-03-20 22:00:00,-2.7584962500721155
2012-03-20 23:00:00,-6.270441886940878
2012-03-21 00:00:00,-2.7584962500721155
2012-03-21 01:00:00,-2.8584962500721156
2012-03-21 02:00:00,-2.7584962500721155
2012-03-21 03:00:00,-2.7584962500721155
2012-03-21 04:00:00,-2.7584962500721155
2012-03-21 05:00:00,-2.8584962500721156
2012-03-21 06:00:00,-2.7584962500721155
2012-03-21 07:00:00,-2.7584962500721155
2012-03-21 08:00:00,-2.7584962500721155
2012-03-21 09:00:00,-2.7584962500721155
2012-03-21 10:00:00,-2.7584962500721155
2012-03-21 11:00:00,-2.7584962500721155
2012-03-21 12:00:00,-2.7584962500721155
2012-03-21 13:00:00,-2.7584962500721155
2012-03-21 14:00:00,-2.7584962500721155
2012-03-21 15:00:00,-2.7584962500721155
2012-03-21 16:00:00,-6.270441886940878
2012-03-21 17:00:00,-2.8584962500721156
2012-03-21 18:00:00,-2.7584962500721155
2012-03-21 19:00:00,-2.7584962500721155
2012-03-21 20:00:00,-3.1
2012-03-21 21:00:00,-3.4954196310386876
2012-03-21 22:00:00,-3.4954196310386876
2012-03-21 23:00:00,-3.0
2012-03-22 00:00:00,-3.0
2012-03-22 01:00:00,-3.0
2012-03-22 02:00:00,-3.4954196310386876
2012-03-22 03:00:00,-3.4954196310386876
2012-03-22 04:00:00,-3.4954196310386876
2012-03-22 05:00:00,-3.0
2012-03-22 06:00:00,-3.4954196310386876
2012-03-22 07:00:00,-3.0
2012-03-22 08:00:00,-3.4954196310386876
2012-03-22 09:00:00,-6.12790576478402
2012-03-22 10:00:00,-3.0
2012-03-22 11:00:00,-3.0
2012-03-22 12:00:00,-3.4954196310386876
2012-03-22 13:00:00,-3.0
2012-03-22 14:00:00,-3.0
2012-03-22 15:00:00,-3.4954196310386876
2012-03-22 16:00:00,-3.4954196310386876
2012-03-22 17:00:00,-3.4954196310386876
2012-03-22 18:00:00,-3.0
2012-03-22 19:00:00,-3.4954196310386876
2012-03-22 20:00:00,-3.4954196310386876
2012-03-22 21:00:00,-3.4954196310386876
2012-03-22 22:00:00,-3.0
2012-03-22 23:00:00,-3.4954196310386876
2012-03-23 00:00:00,-3.4
2012-03-23 01:00:00,-3.4954196310386876
2012-03-23 02:00:00,-6.12790576478402
2012-03-23 03:00:00,-3.4954196310386876
2012-03-23 04:00:00,-3.4954196310386876
2012-03-23 05:00:00,-3.4954196310386876
2012-03-23 06:00:00,-3.4954196310386876
2012-03-23 07:00:00,-3.4954196310386876
2012-03-23 08:00:00,-3.4954196310386876
2012-03-23 09:00:00,-3.4954196310386876
2012-03-23 10:00:00,-3.0
2012-03-23 11:00:00,-3.0
2012-03-23 12:00:00,-3.4954196310386876
2012-03-23 13:00:00,-3.4954196310386876
2012-03-23 14:00:00,-3.4954196310386876
2012-03-23 15:00:00,-3.4954196310386876
2012-03-23 16:00:00,-3.4954196310386876
2012-03-23 17:00:00,-3.0
2012-03-23 18:00:00,-3.4954196310386876
2012-03-23 19:00:00,-6.12790576478402
2012-03-23 20:00:00,-3.1
2012-03-23 21:00:00,-2.7
2012-03-23 22:00:00,-3.0
2012-03-23 23:00:00,-3.0
2012-03-24 00:00:00,-3.4954196310386876
2012-03-24 01:00:00,-3.0
2012-03-24 02:00:00,-3.4954196310386876
2012-03-24 03:00:00,-3.4954196310386876
2012-03-24 04:00:00,-3.4954196310386876
2012-03-24 05:00:00,-3.0
2012-03-24 06:00:00,-3.4954196310386876
2012-03-24 07:00:00,-3.4954196310386876
2012-03-24 08:00:00,-3.4954196310386876
2012-03-24 09:00:00,-3.4954196310386876
2012-03-24 10:00:00,-3.0
2012-03-24 11:00:00,-6.12790576478402
2012-03-24 12:00:00,-6.12790576478402
2012-03-24 13:00:00,-3.4954196310386876
2012-03-24 14:00:00,-3.4954196310386876
2012-03-24 15:00:00,-3.4954196310386876
2012-03-24 16:00:00,-3.4954196310386876
2012-03-24 17:00:00,-3.0
2012-03-24 18:00:00,-3.4954196310386876
2012-03-24 19:00:00,-3.0
2012-03-24 20:00:00,-3.4954196310386876
2012-03-24 21:00:00,-3.4954196310386876
2012-03-24 22:00:00,-2.7
2012-03-24 23:00:00,-3.0
2012-03-25 00:00:00,-3.0
2012-03-25 01:00:00,-3.4954196310386876
2012-03-25 02:00:00,-3.0
2012-03-25 03:00:00,-3.4954196310386876
2012-03-25 04:00:00,-2.4
2012-03-25 05:00:00,-6.12790576478402
2012-03-25 06:00:00,-3.1
2012-03-25 07:00:00,-3.4954196310386876
2012-03-25 08:00:00,-2.5807354922057604
2012-03-25 09:00:00,-3.0
2012-03-25 10:00:00,-3.4954196310386876
2012-03-25 11:00:00,-3.4954196310386876
2012-03-25 12:00:00,-3.0
2012-03-25 13:00:00,-3.4954196310386876
2012-03-25 14:00:00,-3.4954196310386876
2012-03-25 15:00:00,-2.2
2012-03-25 16:00:00,-3.4954196310386876
2012-03-25 17:00:00,-3.4954196310386876
2012-03-25 18:00:00,-3.0
2012-03-25 19:00:00,-3.0
2012-03-25 20:00:00,-3.4954196310386876
2012-03-25 21:00:00,-3.0
2012-03-25 22:00:00,-6.12790576478402
2012-03-25 23:00:00,-3.4954196310386876
2012-03-26 00:00:00,-3.0
2012-03-26 01:00:00,-6.12790576478402
2012-03-26 02:00:00,-3.4954196310386876
2012-03-26 03:00:00,-3.4954196310386876
2012-03-26 04:00:00,-3.5954196310386877
2012-03-26 05:00:00,-3.4954196310386876
2012-03-26 06:00:00,-3.4954196310386876
2012-03-26 07:00:00,-3.0
2012-03-26 08:00:00,-3.4954196310386876
2012-03-26 09:00:00,-3.0
2012-03-26 10:00:00,-3.0
2012-03-26 11:00:00,-3.0
2012-03-26 12:00:00,-3.4954196310386876
2012-03-26 13:00:00,-3.4954196310386876
2012-03-26 14:00:00,-3.0
2012-03-26 15:00:00,-6.12790576478402
2012-03-26 16:00:00,-3.0
2012-03-26 17:00:00,-3.4954196310386876
2012-03-26 18:00:00,-6.12790576478402
2012-03-26 19:00:00,-3.0
2012-03-26 20:00:00,-3.0
2012-03-26 21:00:00,-3.4954196310386876
2012-03-26 22:00:00,-3.4954196310386876
2012-03-26 23:00:00,-3.4954196310386876
2012-03-27 00:00:00,-3.4954196310386876
2012-03-27 01:00:00,-3.4954196310386876
2012-03-27 02:00:00,-3.0
2012-03-27 03:00:00,-3.0
2012-03-27 04:00:00,-3.4954196310386876
2012-03-27 05:00:00,-3.4954196310386876
2012-03-27 06:00:00,-3.4954196310386876
2012-03-27 07:00:00,-3.4954196310386876
2012-03-27 08:00:00,-6.12790576478402
2012-03-27 09:00:00,-3.4954196310386876
2012-03-27 10:00:00,-3.4954196310386876
2012-03-27 11:00:00,-6.12790576478402
2012-03-27 12:00:00,-3.0
2012-03-27 13:00:00,-3.4954196310386876
2012-03-27 14:00:00,-3.4954196310386876
2012-03-27 15:00:00,-3.4954196310386876
2012-03-27 16:00:00,-3.0
2012-03-27 17:00:00,-3.4954196310386876
2012-03-27 18:00:00,-3.0
2012-03-27 19:00:00,-3.4954196310386876
2012-03-27 20:00:00,-3.0
2012-03-27 21:00:00,-3.0
2012-03-27 22:00:00,-2.7
2012-03-27 23:00:00,-3.4954196310386876
2012-03-28 00:00:00,-3.4954196310386876
2012-03-28 01:00:00,-6.12790576478402
2012-03-28 02:00:00,-3.0
2012-03-28 03:00:00,-3.4954196310386876
2012-03-28 04:00:00,-6.12790576478402
2012-03-28 05:00:00,-3.4954196310386876
2012-03-28 06:00:00,-3.4954196310386876
2012-03-28 07:00:00,-3.4954196310386876
2012-03-28 08:00:00,-3.4954196310386876
2012-03-28 09:00:00,-3.4954196310386876
2012-03-28 10:00:00,-3.4954196310386876
2012-03-28 11:00:00,-4.292481250360578
2012-03-28 12:00:00,-3.4954196310386876
2012-03-28 13:00:00,-3.0
2012-03-28 14:00:00,-3.4954196310386876
2012-03-28 15:00:00,-3.3
2012-03-28 16:00:00,-3.3
2012-03-28 17:00:00,-3.4954196310386876
2012-03-28 18:00:00,-6.12790576478402
2012-03-28 19:00:00,-3.4954196310386876
2012-03-28 20:00:00,-3.4954196310386876
2012-03-28 21:00:00,-6.12790576478402
2012-03-28 22:00:00,-3.4954196310386876
2012-03-28 23:00:00,-3.5954196310386877
2012-03-29 00:00:00,-3.4954196310386876
2012-03-29 01:00:00,-3.4954196310386876
2012-03-29 02:00:00,-3.0
2012-03-29 03:00:00,-3.4954196310386876
2012-03-29 04:00:00,-3.4954196310386876
2012-03-29 05:00:00,-3.0
2012-03-29 06:00:00,-3.4954196310386876
2012-03-29 07:00:00,-3.0
2012-03-29 08:00:00,-2.1
2012-03-29 09:00:00,-3.4954196310386876
2012-03-29 10:00:00,-3.4954196310386876
2012-03-29 11:00:00,-6.12790576478402
2012-03-29 12:00:00,-3.4954196310386876
2012-03-29 13:00:00,-3.4954196310386876
2012-03-29 14:00:00,-3.0
2012-03-29 15:00:00,-3.4954196310386876
2012-03-29 16:00:00,-3.4954196310386876
2012-03-29 17:00:00,-3.4954196310386876
2012-03-29 18:00:00,-3.4954196310386876
2012-03-29 19:00:00,-3.4954196310386876
2012-03-29 20:00:00,-3.1
2012-03-29 21:00:00,-3.4954196310386876
2012-03-29 22:00:00,-3.4954196310386876
2012-03-29 23:00:00,-3.4954196310386876
2012-03-30 00:00:00,-3.4954196310386876
2012-03-30 01:00:00,-3.4954196310386876
2012-03-30 02:00:00,-3.1
2012-03-30 03:00:00,-3.0
2012-03-30 04:00:00,-3.5
2012-03-30 05:00:00,-3.4954196310386876
2012-03-30 06:00:00,-3.4954196310386876
2012-03-30 07:00:00,-3.0
2012-03-30 08:00:00,-3.4954196310386876
2012-03-30 09:00:00,-3.4954196310386876
2012-03-30 10:00:00,-3.4954196310386876
2012-03-30 11:00:00,-3.4954196310386876
2012-03-30 12:00:00,-3.4954196310386876
2012-03-30 13:00:00,-3.4954196310386876
2012-03-30 14:00:00,-3.4954196310386876
2012-03-30 15:00:00,-3.0
2012-03-30 16:00:00,-3.0
2012-03-30 17:00:00,-3.4954196310386876
2012-03-30 18:00:00,-3.2
2012-03-30 19:00:00,-3.4954196310386876
2012-03-30 20:00:00,-3.0
2012-03-30 21:00:00,-3.4954196310386876
2012-03-30 22:00:00,-3.4954196310386876
2012-03-30 23:00:00,-3.0
2012-03-31 00:00:00,-3.4954196310386876
2012-03-31 01:00:00,-3.4954196310386876
2012-03-31 02:00:00,-3.4954196310386876
2012-03-31 03:00:00,-3.4954196310386876
2012-03-31 04:00:00,-3.3
2012-03-31 05:00:00,-3.4954196310386876
2012-03-31 06:00:00,-3.4954196310386876
2012-03-31 07:00:00,-3.4954196310386876
2012-03-31 08:00:00,-3.0
2012-03-31 09:00:00,-3.4954196310386876
2012-03-31 10:00:00,-3.4954196310386876
2012-03-31 11:00:00,-3.0
2012-03-31 12:00:00,-3.4954196310386876
2012-03-31 13:00:00,-3.4954196310386876
2012-03-31 14:00:00,-3.4954196310386876
2012-03-31 15:00:00,-3.0
2012-03-31 16:00:00,-3.4954196310386876
2012-03-31 17:00:00,-3.4954196310386876
2012-03-31 18:00:00,-3.0
2012-03-31 19:00:00,-3.0
2012-03-31 20:00:00,-3.0
2012-03-31 21:00:00,-3.0
2012-03-31 22:00:00,-3.4954196310386876
2012-03-31 23:00:00,-3.0
2012-04-01 00:00:00,-3.0
2012-04-01 01:00:00,-3.0
2012-04-01 02:00:00,-3.4954196310386876
2012-04-01 03:00:00,-3.0
2012-04-01 04:00:00,-3.4954196310386876
2012-04-01 05:00:00,-3.4954196310386876
2012-04-01 06:00:00,-4.2
2012-04-01 07:00:00,-4.2
2012-04-01 08:00:00,-4.2
2012-04-01 09:00:00,-4.2
2012-04-01 10:00:00,-4.2
2012-04-01 11:00:00,-4.2
2012-04-01 12:00:00,-4.2
2012-04-01 13:00:00,-4.2
2012-04-01 14:00:00,-4.2
2012-04-01 15:00:00,-4.2
2012-04-01 16:00:00,-4.2
2012-04-01 17:00:00,-4.2
2012-04-01 18:00:00,-4.2
2012-04-01 19:00:00,-4.2
2012-04-01 20:00:00,-4.2
2012-04-01 21:00:00,-4.2
2012-04-01 22:00:00,-4.283920378809695
2012-04-01 23:00:00,-4.2
2012-04-02 00:00:00,-4.2
2012-04-02 01:00:00,-4.2
2012-04-02 02:00:00,-4.2
2012-04-02 03:00:00,-2.2584962500721155
2012-04-02 04:00:00,-4.2
2012-04-02 05:00:00,-4.2
2012-04-02 06:00:00,-4.1
2012-04-02 07:00:00,-4.0
2012-04-02 08:00:00,-4.083920378809695
2012-04-02 09:00:00,-4.2
2012-04-02 10:00:00,-4.2
2012-04-02 11:00:00,-4.2
2012-04-02 12:00:00,-3.6
2012-04-02 13:00:00,-4.2
2012-04-02 14:00:00,-4.483920378809694
2012-04-02 15:00:00,-4.5
2012-04-02 16:00:00,-4.5
2012-04-02 17:00:00,-4.2
2012-04-02 18:00:00,-4.2
2012-04-02 19:00:00,-4.2
2012-04-02 20:00:00,-3.6459431618637295
2012-04-02 21:00:00,-4.0
2012-04-02 22:00:00,-3.6
2012-04-02 23:00:00,-4.2
2012-04-03 00:00:00,-4.0
2012-04-03 01:00:00,-4.2
2012-04-03 02:00:00,-4.2
2012-04-03 03:00:00,-4.2
2012-04-03 04:00:00,-4.1
2012-04-03 05:00:00,-4.2
2012-04-03 06:00:00,-4.2
2012-04-03 07:00:00,-4.083920378809695
2012-04-03 08:00:00,-4.2
2012-04-03 09:00:00,-4.2
2012-04-03 10:00:00,-4.2
2012-04-03 11:00:00,-4.2
2012-04-03 12:00:00,-4.2
2012-04-03 13:00:00,-4.2
2012-04-03 14:00:00,-4.0
2012-04-03 15:00:00,-4.5
2012-04-03 16:00:00,-4.2
2012-04-03 17:00:00,-4.2
2012-04-03 18:00:00,-3.6
2012-04-03 19:00:00,-4.2
2012-04-03 20:00:00,-4.2
2012-04-03 21:00:00,-4.2
2012-04-03 22:00:00,-4.2
2012-04-03 23:00:00,-4.2
2012-04-04 00:00:00,-4.2
2012-04-04 01:00:00,-4.2
2012-04-04 02:00:00,-4.2
2012-04-04 03:00:00,-5.95789843978702
2012-04-04 04:00:00,-4.2
2012-04-04 05:00:00,-4.2
2012-04-04 06:00:00,-4.5
2012-04-04 07:00:00,-2.7
2012-04-04 08:00:00,-4.2
2012-04-04 09:00:00,-4.5
2012-04-04 10:00:00,-2.7
2012-04-04 11:00:00,-4.0
2012-04-04 12:00:00,-4.2
2012-04-04 13:00:00,-4.2
2012-04-04 14:00:00,-3.8
2012-04-04 15:00:00,-6.569120668037357
2012-04-04 16:00:00,-4.2
2012-04-04 17:00:00,-4.0
2012-04-04 18:00:00,-4.2
2012-04-04 19:00:00,-4.2
2012-04-04 20:00:00,-4.5
2012-04-04 21:00:00,-4.1
2012-04-04 22:00:00,-4.0
2012-04-04 23:00:00,-4.5
2012-04-05 00:00:00,-5.454397331958369
2012-04-05 01:00:00,-4.2
2012-04-05 02:00:00,-4.0
2012-04-05 03:00:00,-4.0
2012-04-05 04:00:00,-4.5
2012-04-05 05:00:00,-4.2
2012-04-05 06:00:00,-4.2
2012-04-05 07:00:00,-4.2
2012-04-05 08:00:00,-4.3839203788096945
2012-04-05 09:00:00,-4.0
2012-04-05 10:00:00,-4.2
2012-04-05 11:00:00,-4.2
2012-04-05 12:00:00,-4.1
2012-04-05 13:00:00,-4.2
2012-04-05 14:00:00,-4.2
2012-04-05 15:00:00,-4.2
2012-04-05 16:00:00,-4.2
2012-04-05 17:00:00,-5.454397331958369
2012-04-05 18:00:00,-4.2
2012-04-05 19:00:00,-4.0
2012-04-05 20:00:00,-4.0
2012-04-05 21:00:00,-4.0
2012-04-05 22:00:00,-4.2
2012-04-05 23:00:00,-4.2
2012-04-06 00:00:00,-4.2
2012-04-06 01:00:00,-4.5
2012-04-06 02:00:00,-4.2
2012-04-06 03:00:00,-4.2
2012-04-06 04:00:00,-4.2
2012-04-06 05:00:00,-4.0
2012-04-06 06:00:00,-4.2
2012-04-06 07:00:00,-4.2
2012-04-06 08:00:00,-4.2
2012-04-06 09:00:00,-4.2
2012-04-06 10:00:00,-5.454397331958369
2012-04-06 11:00:00,-4.2
2012-04-06 12:00:00,-4.2
2012-04-06 13:00:00,-4.1
2012-04-06 14:00:00,-3.6
2012-04-06 15:00:00,-4.0
2012-04-06 16:00:00,-3.6
2012-04-06 17:00:00,-4.2
2012-04-06 18:00:00,-4.2
2012-04-06 19:00:00,-4.2
2012-04-06 20:00:00,-4.5
2012-04-06 21:00:00,-4.2
2012-04-06 22:00:00,-4.2
2012-04-06 23:00:00,-4.2
2012-04-07 00:00:00,-4.5
2012-04-07 01:00:00,-4.2
2012-04-07 02:00:00,-4.5
2012-04-07 03:00:00,-5.454397331958369
2012-04-07 04:00:00,-4.2
2012-04-07 05:00:00,-4.5
2012-04-07 06:00:00,-4.1
2012-04-07 07:00:00,-4.1
2012-04-07 08:00:00,-4.1
2012-04-07 09:00:00,-4.2
2012-04-07 10:00:00,-4.2
2012-04-07 11:00:00,-4.2
2012-04-07 12:00:00,-4.0
2012-04-07 13:00:00,-4.2
2012-04-07 14:00:00,-4.0
2012-04-07 15:00:00,-3.8
2012-04-07 16:00:00,-4.5
2012-04-07 17:00:00,-4.1
2012-04-07 18:00:00,-4.2
2012-04-07 19:00:00,-4.5
2012-04-07 20:00:00,-5.454397331958369
2012-04-07 21:00:00,-4.5
2012-04-07 22:00:00,-4.1
2012-04-07 23:00:00,-4.2
2012-04-08 00:00:00,-4.5
2012-04-08 01:00:00,-4.5
2012-04-08 02:00:00,-3.8
2012-04-08 03:00:00,-4.2
2012-04-08 04:00:00,-4.5
2012-04-08 05:00:00,-4.5
2012-04-08 06:00:00,-4.832474311049441
2012-04-08 07:00:00,-4.2
2012-04-08 08:00:00,-4.2
2012-04-08 09:00:00,-4.2
2012-04-08 10:00:00,-4.5
2012-04-08 11:00:00,-4.1
2012-04-08 12:00:00,-4.2
2012-04-08 13:00:00,-5.454397331958369
2012-04-08 14:00:00,-4.2
2012-04-08 15:00:00,-4.5
2012-04-08 16:00:00,-4.0
2012-04-08 17:00:00,-4.0
2012-04-08 18:00:00,-4.2
2012-04-08 19:00:00,-4.2
2012-04-08 20:00:00,-4.1
2012-04-08 21:00:00,-4.2
2012-04-08 22:00:00,-4.2
2012-04-08 23:00:00,-4.2
2012-04-09 00:00:00,-4.2
2012-04-09 01:00:00,-4.2
2012-04-09 02:00:00,-4.5
2012-04-09 03:00:00,-4.2
2012-04-09 04:00:00,-4.2
2012-04-09 05:00:00,-4.5
2012-04-09 06:00:00,-5.454397331958369
2012-04-09 07:00:00,-4.2
2012-04-09 08:00:00,-4.2
2012-04-09 09:00:00,-4.2
2012-04-09 10:00:00,-4.2
2012-04-09 11:00:00,-4.2
2012-04-09 12:00:00,-3.6
2012-04-09 13:00:00,-4.2
2012-04-09 14:00:00,-4.2
2012-04-09 15:00:00,-4.1
2012-04-09 16:00:00,-4.058496250072116
2012-04-09 17:00:00,-4.0
2012-04-09 18:00:00,-4.0
2012-04-09 19:00:00,-4.2
2012-04-09 20:00:00,-4.2
2012-04-09 21:00:00,-4.2
2012-04-09 22:00:00,-4.2
2012-04-09 23:00:00,-5.454397331958369
2012-04-10 00:00:00,-4.0
2012-04-10 01:00:00,-4.2
2012-04-10 02:00:00,-4.2
2012-04-10 03:00:00,-4.2
2012-04-10 04:00:00,-4.0
2012-04-10 05:00:00,-4.2
2012-04-10 06:00:00,-4.2
2012-04-10 07:00:00,-4.2
2012-04-10 08:00:00,-4.2
2012-04-10 09:00:00,-5.80031506866883
2012-04-10 10:00:00,-4.2
2012-04-10 11:00:00,-4.2
2012-04-10 12:00:00,-4.2
2012-04-10 13:00:00,-4.0
2012-04-10 14:00:00,-4.2
2012-04-10 15:00:00,-4.2
2012-04-10 16:00:00,-5.454397331958369
2012-04-10 17:00:00,-4.2
2012-04-10 18:00:00,-4.5
2012-04-10 19:00:00,-4.2
2012-04-10 20:00:00,-4.2
2012-04-10 21:00:00,-4.2
2012-04-10 22:00:00,-4.5
2012-04-10 23:00:00,-4.2
2012-04-11 00:00:00,-4.5
2012-04-11 01:00:00,-4.2
2012-04-11 02:00:00,-4.1
2012-04-11 03:00:00,-4.1
2012-04-11 04:00:00,-4.2
2012-04-11 05:00:00,-4.2
2012-04-11 06:00:00,-4.2
2012-04-11 07:00:00,-4.5
2012-04-11 08:00:00,-4.2
2012-04-11 09:00:00,-5.454397331958369
2012-04-11 10:00:00,-4.2
2012-04-11 11:00:00,-4.2
2012-04-11 12:00:00,-4.2
2012-04-11 13:00:00,-4.0
2012-04-11 14:00:00,-4.2
2012-04-11 15:00:00,-4.2
2012-04-11 16:00:00,-2.1
2012-04-11 17:00:00,-2.1
2012-04-11 18:00:00,-2.1
2012-04-11 19:00:00,-2.1
2012-04-11 20:00:00,-2.1
2012-04-11 21:00:00,-4.061470984411521
2012-04-11 22:00:00,-2.3
2012-04-11 23:00:00,-2.6584962500721154
2012-04-12 00:00:00,-2.3
2012-04-12 01:00:00,-2.3
2012-04-12 02:00:00,-4.988360148829496
2012-04-12 03:00:00,-2.1
2012-04-12 04:00:00,-2.6584962500721154
2012-04-12 05:00:00,-2.1
2012-04-12 06:00:00,-2.1
2012-04-12 07:00:00,-2.1
2012-04-12 08:00:00,-2.1
2012-04-12 09:00:00,-2.6584962500721154
2012-04-12 10:00:00,-2.1
2012-04-12 11:00:00,-2.1
2012-04-12 12:00:00,-2.1
2012-04-12 13:00:00,-2.1
2012-04-12 14:00:00,-4.988360148829496
2012-04-12 15:00:00,-2.6584962500721154
2012-04-12 16:00:00,-2.1
2012-04-12 17:00:00,-2.6584962500721154
2012-04-12 18:00:00,-2.1
2012-04-12 19:00:00,-4.988360148829496
2012-04-12 20:00:00,-2.6584962500721154
2012-04-12 21:00:00,-2.1
2012-04-12 22:00:00,-2.1
2012-04-12 23:00:00,-2.1
2012-04-13 00:00:00,-2.3
2012-04-13 01:00:00,-2.1
2012-04-13 02:00:00,-2.3
2012-04-13 03:00:00,-2.1
2012-04-13 04:00:00,-2.3
2012-04-13 05:00:00,-2.6584962500721154
2012-04-13 06:00:00,-2.1
2012-04-13 07:00:00,-4.988360148829496
2012-04-13 08:00:00,-2.1
2012-04-13 09:00:00,-2.1
2012-04-13 10:00:00,-2.1
2012-04-13 11:00:00,-2.6584962500721154
2012-04-13 12:00:00,-2.0
2012-04-13 13:00:00,-2.9584962500721153
2012-04-13 14:00:00,-2.1
2012-04-13 15:00:00,-2.1
2012-04-13 16:00:00,-2.1
2012-04-13 17:00:00,-2.1
2012-04-13 18:00:00,-2.1
2012-04-13 19:00:00,-2.1
2012-04-13 20:00:00,-2.1
2012-04-13 21:00:00,-2.3
2012-04-13 22:00:00,-2.1
2012-04-13 23:00:00,-2.6584962500721154
2012-04-14 00:00:00,-4.988360148829496
2012-04-14 01:00:00,-2.1
2012-04-14 02:00:00,-2.6584962500721154
2012-04-14 03:00:00,-2.1
2012-04-14 04:00:00,-2.6584962500721154
2012-04-14 05:00:00,-2.1
2012-04-14 06:00:00,-5.3062046796692215
2012-04-14 07:00:00,-2.3
2012-04-14 08:00:00,-2.1
2012-04-14 09:00:00,-2.1
2012-04-14 10:00:00,-2.1
2012-04-14 11:00:00,-2.6584962500721154
2012-04-14 12:00:00,-2.1
2012-04-14 13:00:00,-2.3
2012-04-14 14:00:00,-2.1
2012-04-14 15:00:00,-2.1
2012-04-14 16:00:00,-2.3
2012-04-14 17:00:00,-4.988360148829496
2012-04-14 18:00:00,-2.1
2012-04-14 19:00:00,-2.3
2012-04-14 20:00:00,-2.6584962500721154
2012-04-14 21:00:00,-2.1
2012-04-14 22:00:00,-2.1
2012-04-14 23:00:00,-2.6584962500721154
2012-04-15 00:00:00,-2.1
2012-04-15 01:00:00,-2.3
2012-04-15 02:00:00,-2.1
2012-04-15 03:00:00,-2.1
2012-04-15 04:00:00,-2.1
2012-04-15 05:00:00,-2.3
2012-04-15 06:00:00,-2.1
2012-04-15 07:00:00,-3.416992500144231
2012-04-15 08:00:00,-2.3
2012-04-15 09:00:00,-2.6584962500721154
2012-04-15 10:00:00,-2.8459431618637296
2012-04-15 11:00:00,-2.1
2012-04-15 12:00:00,-2.6584962500721154
2012-04-15 13:00:00,-2.1
2012-04-15 14:00:00,-2.1
2012-04-15 15:00:00,-2.1
2012-04-15 16:00:00,-2.6584962500721154
2012-04-15 17:00:00,-2.1
2012-04-15 18:00:00,-2.6584962500721154
2012-04-15 19:00:00,-2.6584962500721154
2012-04-15 20:00:00,-2.3
2012-04-15 21:00:00,-2.1
2012-04-15 22:00:00,-2.3
2012-04-15 23:00:00,-2.1
2012-04-16 00:00:00,-2.6584962500721154
2012-04-16 01:00:00,-2.1
2012-04-16 02:00:00,-2.1
2012-04-16 03:00:00,-2.1
2012-04-16 04:00:00,-2.1
2012-04-16 05:00:00,-2.1
2012-04-16 06:00:00,-2.3
2012-04-16 07:00:00,-2.1
2012-04-16 08:00:00,-2.1
2012-04-16 09:00:00,-2.1
2012-04-16 10:00:00,-2.1
2012-04-16 11:00:00,-2.1
2012-04-16 12:00:00,-2.1
2012-04-16 13:00:00,-2.1
2012-04-16 14:00:00,-2.3
2012-04-16 15:00:00,-2.6584962500721154
2012-04-16 16:00:00,-2.6584962500721154
2012-04-16 17:00:00,-2.1
2012-04-16 18:00:00,-2.1
2012-04-16 19:00:00,-2.1
2012-04-16 20:00:00,-2.1
2012-04-16 21:00:00,-2.6584962500721154
2012-04-16 22:00:00,-2.1
2012-04-16 23:00:00,-2.1
2012-04-17 00:00:00,-2.6584962500721154
2012-04-17 01:00:00,-2.1
2012-04-17 02:00:00,-2.1
2012-04-17 03:00:00,-2.3
2012-04-17 04:00:00,-2.4
2012-04-17 05:00:00,-2.1
2012-04-17 06:00:00,-2.1
2012-04-17 07:00:00,-2.1
2012-04-17 08:00:00,-2.1
2012-04-17 09:00:00,-2.1
2012-04-17 10:00:00,-2.3
2012-04-17 11:00:00,-2.1
2012-04-17 12:00:00,-2.3
2012-04-17 13:00:00,-2.6584962500721154
2012-04-17 14:00:00,-2.1
2012-04-17 15:00:00,-2.1
2012-04-17 16:00:00,-2.1
2012-04-17 17:00:00,-2.1
2012-04-17 18:00:00,-2.1
2012-04-17 19:00:00,-2.1
2012-04-17 20:00:00,-2.1
2012-04-17 21:00:00,-2.1
2012-04-17 22:00:00,-2.3
2012-04-17 23:00:00,-2.1
2012-04-18 00:00:00,-2.1
2012-04-18 01:00:00,-2.1
2012-04-18 02:00:00,-2.3
2012-04-18 03:00:00,-2.1
2012-04-18 04:00:00,-2.1
2012-04-18 05:00:00,-2.1
2012-04-18 06:00:00,-2.1
2012-04-18 07:00:00,-2.1
2012-04-18 08:00:00,-2.1
2012-04-18 09:00:00,-2.1
2012-04-18 10:00:00,-2.1
2012-04-18 11:00:00,-2.6584962500721154
2012-04-18 12:00:00,-2.1
2012-04-18 13:00:00,-2.1
2012-04-18 14:00:00,-2.6584962500721154
2012-04-18 15:00:00,-2.1
2012-04-18 16:00:00,-2.1
2012-04-18 17:00:00,-2.6584962500721154
2012-04-18 18:00:00,-2.1
2012-04-18 19:00:00,-2.6584962500721154
2012-04-18 20:00:00,-2.1
2012-04-18 21:00:00,-2.1
2012-04-18 22:00:00,-2.1
2012-04-18 23:00:00,-2.3
2012-04-19 00:00:00,-2.1
2012-04-19 01:00:00,-2.3
2012-04-19 02:00:00,-2.1
2012-04-19 03:00:00,-2.6584962500721154
2012-04-19 04:00:00,-2.3
2012-04-19 05:00:00,-2.3
2012-04-19 06:00:00,-2.3
2012-04-19 07:00:00,-2.6584962500721154
2012-04-19 08:00:00,-2.1
2012-04-19 09:00:00,-2.6584962500721154
2012-04-19 10:00:00,-2.1
2012-04-19 11:00:00,-2.3
2012-04-19 12:00:00,-2.3
2012-04-19 13:00:00,-2.1
2012-04-19 14:00:00,-2.1
2012-04-19 15:00:00,-2.1
2012-04-19 16:00:00,-2.3
2012-04-19 17:00:00,-2.3
2012-04-19 18:00:00,-2.1
2012-04-19 19:00:00,-2.6584962500721154
2012-04-19 20:00:00,-2.1
2012-04-19 21:00:00,-2.6584962500721154
2012-04-19 22:00:00,-2.1
2012-04-19 23:00:00,-2.6584962500721154
2012-04-20 00:00:00,-2.1
2012-04-20 01:00:00,-2.1
2012-04-20 02:00:00,-2.1
2012-04-20 03:00:00,-2.3
2012-04-20 04:00:00,-2.1
2012-04-20 05:00:00,-2.1
2012-04-20 06:00:00,-2.6584962500721154
2012-04-20 07:00:00,-2.3
2012-04-20 08:00:00,-2.1
2012-04-20 09:00:00,-2.1
2012-04-20 10:00:00,-2.1
2012-04-20 11:00:00,-2.1
2012-04-20 12:00:00,-2.6584962500721154
2012-04-20 13:00:00,-2.6584962500721154
2012-04-20 14:00:00,-2.1
2012-04-20 15:00:00,-2.6584962500721154
2012-04-20 16:00:00,-2.1
2012-04-20 17:00:00,-2.6584962500721154
2012-04-20 18:00:00,-2.1
2012-04-20 19:00:00,-2.1
2012-04-20 20:00:00,-2.1
2012-04-20 21:00:00,-2.1
2012-04-20 22:00:00,-2.6584962500721154
2012-04-20 23:00:00,-2.1
2012-04-21 00:00:00,-2.2
2012-04-21 01:00:00,-2.6584962500721154
2012-04-21 02:00:00,-2.1
2012-04-21 03:00:00,-2.1
2012-04-21 04:00:00,-2.6584962500721154
2012-04-21 05:00:00,-2.1
2012-04-21 06:00:00,-2.6584962500721154
2012-04-21 07:00:00,-2.1
2012-04-21 08:00:00,-2.1
2012-04-21 09:00:00,-2.6584962500721154
2012-04-21 10:00:00,-2.1
2012-04-21 11:00:00,-2.6584962500721154
2012-04-21 12:00:00,-2.1
2012-04-21 13:00:00,-2.3
2012-04-21 14:00:00,-2.1
2012-04-21 15:00:00,-2.3
2012-04-21 16:00:00,-3.1954196310386878
2012-04-21 17:00:00,-2.3
2012-04-21 18:00:00,-2.3
2012-04-21 19:00:00,-2.3
2012-04-21 20:00:00,-2.1
2012-04-21 21:00:00,-2.1
2012-04-21 22:00:00,-2.6584962500721154
2012-04-21 23:00:00,-2.6584962500721154
2012-04-22 00:00:00,-2.6584962500721154
2012-04-22 01:00:00,-2.6584962500721154
2012-04-22 02:00:00,-4.12940463132715
2012-04-22 03:00:00,-4.904893381543497
2012-04-22 04:00:00,-4.393147623388679
2012-04-22 05:00:00,-3.8124121311829184
2012-04-22 06:00:00,-4.212412131182918
2012-04-22 07:00:00,-3.5124121311829186
2012-04-22 08:00:00,-4.112412131182919
2012-04-22 09:00:00,-4.212412131182918
2012-04-22 10:00:00,-4.212412131182918
2012-04-22 11:00:00,-3.5124121311829186
2012-04-22 12:00:00,-3.8124121311829184
2012-04-22 13:00:00,-4.4031011907437705
2012-04-22 14:00:00,-3.8124121311829184
2012-04-22 15:00:00,-3.7124121311829184
2012-04-22 16:00:00,-4.212412131182918
2012-04-22 17:00:00,-3.5124121311829186
2012-04-22 18:00:00,-4.112412131182919
2012-04-22 19:00:00,-3.8124121311829184
2012-04-22 20:00:00,-4.4124121311829185
2012-04-22 21:00:00,-3.8124121311829184
2012-04-22 22:00:00,-4.504893381543497
2012-04-22 23:00:00,-4.212412131182918
2012-04-23 00:00:00,-4.712412131182918
2012-04-23 01:00:00,-3.7124121311829184
2012-04-23 02:00:00,-4.212412131182918
2012-04-23 03:00:00,-3.6124121311829187
2012-04-23 04:00:00,-4.904893381543497
2012-04-23 05:00:00,-3.1124121311829187
2012-04-23 06:00:00,-3.8124121311829184
2012-04-23 07:00:00,-4.012412131182918
2012-04-23 08:00:00,-4.112412131182919
2012-04-23 09:00:00,-3.5124121311829186
2012-04-23 10:00:00,-4.112412131182919
2012-04-23 11:00:00,-4.112412131182919
2012-04-23 12:00:00,-3.8124121311829184
2012-04-23 13:00:00,-3.8124121311829184
2012-04-23 14:00:00,-4.112412131182919
2012-04-23 15:00:00,-4.287900881399265
2012-04-23 16:00:00,-3.9124121311829185
2012-04-23 17:00:00,-4.112412131182919
2012-04-23 18:00:00,-5.104893381543496
2012-04-23 19:00:00,-3.6124121311829187
2012-04-23 20:00:00,-3.5124121311829186
2012-04-23 21:00:00,-2.6584962500721154
2012-04-23 22:00:00,-3.582336724004623
2012-04-23 23:00:00,-2.0584962500721153
2012-04-24 00:00:00,-5.004893381543496
2012-04-24 01:00:00,-4.012412131182918
2012-04-24 02:00:00,-4.112412131182919
2012-04-24 03:00:00,-4.904893381543497
2012-04-24 04:00:00,-3.7124121311829184
2012-04-24 05:00:00,-3.9124121311829185
2012-04-24 06:00:00,-4.52940463132715
2012-04-24 07:00:00,-5.721885881687728
2012-04-24 08:00:00,-4.32940463132715
2012-04-24 09:00:00,-5.591810474509432
2012-04-24 10:00:00,-4.62940463132715
2012-04-24 11:00:00,-4.744604940671655
2012-04-24 12:00:00,-4.599329224148855
2012-04-24 13:00:00,-4.312412131182919
2012-04-24 14:00:00,-3.7124121311829184
2012-04-24 15:00:00,-4.112412131182919
2012-04-24 16:00:00,-4.280898302271422
2012-04-24 17:00:00,-3.7124121311829184
2012-04-24 18:00:00,-4.212412131182918
2012-04-24 19:00:00,-3.8124121311829184
2012-04-24 20:00:00,-3.8124121311829184
2012-04-24 21:00:00,-4.212412131182918
2012-04-24 22:00:00,-4.212412131182918
2012-04-24 23:00:00,-3.8124121311829184
2012-04-25 00:00:00,-3.4124121311829185
2012-04-25 01:00:00,-4.712412131182918
2012-04-25 02:00:00,-3.8124121311829184
2012-04-25 03:00:00,-4.212412131182918
2012-04-25 04:00:00,-3.8124121311829184
2012-04-25 05:00:00,-4.212412131182918
2012-04-25 06:00:00,-3.8124121311829184
2012-04-25 07:00:00,-3.5124121311829186
2012-04-25 08:00:00,-4.212412131182918
2012-04-25 09:00:00,-4.280898302271422
2012-04-25 10:00:00,-3.9124121311829185
2012-04-25 11:00:00,-3.9124121311829185
2012-04-25 12:00:00,-3.8124121311829184
2012-04-25 13:00:00,-4.212412131182918
2012-04-25 14:00:00,-4.512412131182918
2012-04-25 15:00:00,-4.212412131182918
2012-04-25 16:00:00,-4.212412131182918
2012-04-25 17:00:00,-4.212412131182918
2012-04-25 18:00:00,-4.712412131182918
2012-04-25 19:00:00,-4.212412131182918
2012-04-25 20:00:00,-4.212412131182918
2012-04-25 21:00:00,-4.212412131182918
2012-04-25 22:00:00,-4.212412131182918
2012-04-25 23:00:00,-5.104893381543496
2012-04-26 00:00:00,-4.312412131182919
2012-04-26 01:00:00,-3.9124121311829185
2012-04-26 02:00:00,-4.280898302271422
2012-04-26 03:00:00,-4.212412131182918
2012-04-26 04:00:00,-3.5124121311829186
2012-04-26 05:00:00,-4.212412131182918
2012-04-26 06:00:00,-4.212412131182918
2012-04-26 07:00:00,-4.112412131182919
2012-04-26 08:00:00,-4.112412131182919
2012-04-26 09:00:00,-2.6584962500721154
2012-04-26 10:00:00,-4.212412131182918
2012-04-26 11:00:00,-4.212412131182918
2012-04-26 12:00:00,-4.212412131182918
2012-04-26 13:00:00,-4.212412131182918
2012-04-26 14:00:00,-4.212412131182918
2012-04-26 15:00:00,-3.9124121311829185
2012-04-26 16:00:00,-5.121885881687728
2012-04-26 17:00:00,-4.212412131182918
2012-04-26 18:00:00,-4.212412131182918
2012-04-26 19:00:00,-2.2
2012-04-26 20:00:00,-4.312412131182919
2012-04-26 21:00:00,-4.212412131182918
2012-04-26 22:00:00,-4.312412131182919
2012-04-26 23:00:00,-4.312412131182919
2012-04-27 00:00:00,-4.212412131182918
2012-04-27 01:00:00,-4.212412131182918
2012-04-27 02:00:00,-2.5584962500721153
2012-04-27 03:00:00,-2.9584962500721153
2012-04-27 04:00:00,-4.312412131182919
2012-04-27 05:00:00,-4.212412131182918
2012-04-27 06:00:00,-2.0
2012-04-27 07:00:00,-4.312412131182919
2012-04-27 08:00:00,-4.212412131182918
2012-04-27 09:00:00,-4.212412131182918
2012-04-27 10:00:00,-4.212412131182918
2012-04-27 11:00:00,-4.212412131182918
2012-04-27 12:00:00,-4.4294046313271505
2012-04-27 13:00:00,-4.212412131182918
2012-04-27 14:00:00,-4.212412131182918
2012-04-27 15:00:00,-4.212412131182918
2012-04-27 16:00:00,-3.9124121311829185
2012-04-27 17:00:00,-4.312412131182919
2012-04-27 18:00:00,-4.212412131182918
2012-04-27 19:00:00,-4.212412131182918
2012-04-27 20:00:00,-2.6584962500721154
2012-04-27 21:00:00,-4.212412131182918
2012-04-27 22:00:00,-4.212412131182918
2012-04-27 23:00:00,-2.5584962500721153
2012-04-28 00:00:00,-4.212412131182918
2012-04-28 01:00:00,-3.9124121311829185
2012-04-28 02:00:00,-3.6124121311829187
2012-04-28 03:00:00,-4.212412131182918
2012-04-28 04:00:00,-4.212412131182918
2012-04-28 05:00:00,-4.212412131182918
2012-04-28 06:00:00,-2.1584962500721154
2012-04-28 07:00:00,-4.212412131182918
2012-04-28 08:00:00,-4.212412131182918
2012-04-28 09:00:00,-4.212412131182918
2012-04-28 10:00:00,-3.9124121311829185
2012-04-28 11:00:00,-4.312412131182919
2012-04-28 12:00:00,-4.212412131182918
2012-04-28 13:00:00,-4.212412131182918
2012-04-28 14:00:00,-4.212412131182918
2012-04-28 15:00:00,-4.212412131182918
2012-04-28 16:00:00,-4.212412131182918
2012-04-28 17:00:00,-4.212412131182918
2012-04-28 18:00:00,-4.312412131182919
2012-04-28 19:00:00,-4.212412131182918
2012-04-28 20:00:00,-4.312412131182919
2012-04-28 21:00:00,-4.012412131182918
2012-04-28 22:00:00,-4.312412131182919
2012-04-28 23:00:00,-2.0
2012-04-29 00:00:00,-3.8124121311829184
2012-04-29 01:00:00,-3.9124121311829185
2012-04-29 02:00:00,-2.7584962500721155
2012-04-29 03:00:00,-4.212412131182918
2012-04-29 04:00:00,-4.212412131182918
2012-04-29 05:00:00,-4.212412131182918
2012-04-29 06:00:00,-2.0
2012-04-29 07:00:00,-4.212412131182918
2012-04-29 08:00:00,-4.012412131182918
2012-04-29 09:00:00,-4.312412131182919
2012-04-29 10:00:00,-4.112412131182919
2012-04-29 11:00:00,-4.012412131182918
2012-04-29 12:00:00,-4.712412131182918
2012-04-29 13:00:00,-2.9906890595608515
2012-04-29 14:00:00,-4.212412131182918
2012-04-29 15:00:00,-4.212412131182918
2012-04-29 16:00:00,-4.280898302271422
2012-04-29 17:00:00,-3.9124121311829185
2012-04-29 18:00:00,-3.8124121311829184
2012-04-29 19:00:00,-2.6584962500721154
2012-04-29 20:00:00,-4.212412131182918
2012-04-29 21:00:00,-4.212412131182918
2012-04-29 22:00:00,-4.212412131182918
2012-04-29 23:00:00,-4.280898302271422
2012-04-30 00:00:00,-4.212412131182918
2012-04-30 01:00:00,-2.1584962500721154
2012-04-30 02:00:00,-3.016992500144231
2012-04-30 03:00:00,-4.212412131182918
2012-04-30 04:00:00,-4.312412131182919
2012-04-30 05:00:00,-3.8124121311829184
2012-04-30 06:00:00,-4.212412131182918
2012-04-30 07:00:00,-4.694390124366767
2012-04-30 08:00:00,-4.212412131182918
2012-04-30 09:00:00,-4.280898302271422
2012-04-30 10:00:00,-4.312412131182919
2012-04-30 11:00:00,-4.012412131182918
2012-04-30 12:00:00,-3.839231742277876
2012-04-30 13:00:00,-4.212412131182918
2012-04-30 14:00:00,-4.712412131182918
2012-04-30 15:00:00,-4.312412131182919
2012-04-30 16:00:00,-4.280898302271422
2012-04-30 17:00:00,-4.712412131182918
2012-04-30 18:00:00,-4.212412131182918
2012-04-30 19:00:00,-4.212412131182918
2012-04-30 20:00:00,-3.0584962500721153
2012-04-30 21:00:00,-4.712412131182918
2012-04-30 22:00:00,-4.212412131182918
2012-04-30 23:00:00,-4.212412131182918
2012-05-01 00:00:00,-2.7
2012-05-01 01:00:00,-3.9124121311829185
2012-05-01 02:00:00,-4.280898302271422
2012-05-01 03:00:00,-4.012412131182918
2012-05-01 04:00:00,-4.212412131182918
2012-05-01 05:00:00,-4.712412131182918
2012-05-01 06:00:00,-4.212412131182918
2012-05-01 07:00:00,-4.203701064805915
2012-05-01 08:00:00,-3.9124121311829185
2012-05-01 09:00:00,-4.280898302271422
2012-05-01 10:00:00,-4.712412131182918
2012-05-01 11:00:00,-4.212412131182918
2012-05-01 12:00:00,-4.112412131182919
2012-05-01 13:00:00,-4.212412131182918
2012-05-01 14:00:00,-4.312412131182919
2012-05-01 15:00:00,-4.212412131182918
2012-05-01 16:00:00,-2.1584962500721154
2012-05-01 17:00:00,-4.312412131182919
2012-05-01 18:00:00,-2.1321928094887364
2012-05-01 19:00:00,-4.280898302271422
2012-05-01 20:00:00,-4.312412131182919
2012-05-01 21:00:00,-4.212412131182918
2012-05-01 22:00:00,-4.212412131182918
2012-05-01 23:00:00,-4.312412131182919
2012-05-02 00:00:00,-4.212412131182918
2012-05-02 01:00:00,-4.712412131182918
2012-05-02 02:00:00,-4.280898302271422
2012-05-02 03:00:00,-3.8124121311829184
2012-05-02 04:00:00,-4.312412131182919
2012-05-02 05:00:00,-3.9124121311829185
2012-05-02 06:00:00,-4.212412131182918
2012-05-02 07:00:00,-4.012412131182918
2012-05-02 08:00:00,-4.212412131182918
2012-05-02 09:00:00,-4.212412131182918
2012-05-02 10:00:00,-4.904893381543497
2012-05-02 11:00:00,-4.212412131182918
2012-05-02 12:00:00,-4.969844282208581
2012-05-02 13:00:00,-3.7983706192659348
2012-05-02 14:00:00,-3.998370619265935
2012-05-02 15:00:00,-3.998370619265935
2012-05-02 16:00:00,-3.998370619265935
2012-05-02 17:00:00,-3.7983706192659348
2012-05-02 18:00:00,-3.998370619265935
2012-05-02 19:00:00,-4.969844282208581
2012-05-02 20:00:00,-3.7983706192659348
2012-05-02 21:00:00,-3.5398743691938193
2012-05-02 22:00:00,-3.998370619265935
2012-05-02 23:00:00,-3.998370619265935
2012-05-03 00:00:00,-3.998370619265935
2012-05-03 01:00:00,-3.998370619265935
2012-05-03 02:00:00,-3.998370619265935
2012-05-03 03:00:00,-3.7983706192659348
2012-05-03 04:00:00,-3.7983706192659348
2012-05-03 05:00:00,-4.969844282208581
2012-05-03 06:00:00,-3.998370619265935
2012-05-03 07:00:00,-3.7983706192659348
2012-05-03 08:00:00,-3.998370619265935
2012-05-03 09:00:00,-3.998370619265935
2012-05-03 10:00:00,-3.7983706192659348
2012-05-03 11:00:00,-3.998370619265935
2012-05-03 12:00:00,-4.969844282208581
2012-05-03 13:00:00,-3.998370619265935
2012-05-03 14:00:00,-3.998370619265935
2012-05-03 15:00:00,-3.998370619265935
2012-05-03 16:00:00,-3.998370619265935
2012-05-03 17:00:00,-3.998370619265935
2012-05-03 18:00:00,-3.7983706192659348
2012-05-03 19:00:00,-4.246913301982959
2012-05-03 20:00:00,-3.998370619265935
2012-05-03 21:00:00,-3.7983706192659348
2012-05-03 22:00:00,-3.6661778097771984
2012-05-03 23:00:00,-3.7983706192659348
2012-05-04 00:00:00,-3.7983706192659348
2012-05-04 01:00:00,-3.998370619265935
2012-05-04 02:00:00,-3.998370619265935
2012-05-04 03:00:00,-3.998370619265935
2012-05-04 04:00:00,-3.998370619265935
2012-05-04 05:00:00,-4.969844282208581
2012-05-04 06:00:00,-3.998370619265935
2012-05-04 07:00:00,-3.998370619265935
2012-05-04 08:00:00,-3.998370619265935
2012-05-04 09:00:00,-3.998370619265935
2012-05-04 10:00:00,-3.998370619265935
2012-05-04 11:00:00,-3.7983706192659348
2012-05-04 12:00:00,-2.7247927513443586
2012-05-04 13:00:00,-3.998370619265935
2012-05-04 14:00:00,-3.998370619265935
2012-05-04 15:00:00,-3.7983706192659348
2012-05-04 16:00:00,-3.998370619265935
2012-05-04 17:00:00,-3.998370619265935
2012-05-04 18:00:00,-3.998370619265935
2012-05-04 19:00:00,-3.998370619265935
2012-05-04 20:00:00,-3.7983706192659348
2012-05-04 21:00:00,-3.998370619265935
2012-05-04 22:00:00,-4.969844282208581
2012-05-04 23:00:00,-3.998370619265935
2012-05-05 00:00:00,-3.7983706192659348
2012-05-05 01:00:00,-3.998370619265935
2012-05-05 02:00:00,-3.7983706192659348
2012-05-05 03:00:00,-3.998370619265935
2012-05-05 04:00:00,-3.998370619265935
2012-05-05 05:00:00,-4.969844282208581
2012-05-05 06:00:00,-3.998370619265935
2012-05-05 07:00:00,-3.998370619265935
2012-05-05 08:00:00,-3.998370619265935
2012-05-05 09:00:00,-3.998370619265935
2012-05-05 10:00:00,-3.998370619265935
2012-05-05 11:00:00,-3.998370619265935
2012-05-05 12:00:00,-3.998370619265935
2012-05-05 13:00:00,-3.998370619265935
2012-05-05 14:00:00,-3.7983706192659348
2012-05-05 15:00:00,-4.969844282208581
2012-05-05 16:00:00,-3.998370619265935
2012-05-05 17:00:00,-3.998370619265935
2012-05-05 18:00:00,-3.998370619265935
2012-05-05 19:00:00,-3.7983706192659348
2012-05-05 20:00:00,-3.998370619265935
2012-05-05 21:00:00,-3.998370619265935
2012-05-05 22:00:00,-4.969844282208581
2012-05-05 23:00:00,-3.998370619265935
2012-05-06 00:00:00,-3.998370619265935
2012-05-06 01:00:00,-3.998370619265935
2012-05-06 02:00:00,-3.998370619265935
2012-05-06 03:00:00,-3.998370619265935
2012-05-06 04:00:00,-3.998370619265935
2012-05-06 05:00:00,-3.998370619265935
2012-05-06 06:00:00,-3.998370619265935
2012-05-06 07:00:00,-3.998370619265935
2012-05-06 08:00:00,-4.969844282208581
2012-05-06 09:00:00,-3.998370619265935
2012-05-06 10:00:00,-3.7983706192659348
2012-05-06 11:00:00,-3.998370619265935
2012-05-06 12:00:00,-3.998370619265935
2012-05-06 13:00:00,-3.7983706192659348
2012-05-06 14:00:00,-3.998370619265935
2012-05-06 15:00:00,-4.969844282208581
2012-05-06 16:00:00,-3.998370619265935
2012-05-06 17:00:00,-3.998370619265935
2012-05-06 18:00:00,-3.998370619265935
2012-05-06 19:00:00,-3.998370619265935
2012-05-06 20:00:00,-3.998370619265935
2012-05-06 21:00:00,-3.998370619265935
2012-05-06 22:00:00,-3.7983706192659348
2012-05-06 23:00:00,-3.998370619265935
2012-05-07 00:00:00,-3.998370619265935
2012-05-07 01:00:00,-4.969844282208581
2012-05-07 02:00:00,-3.998370619265935
2012-05-07 03:00:00,-3.998370619265935
2012-05-07 04:00:00,-3.998370619265935
2012-05-07 05:00:00,-3.998370619265935
2012-05-07 06:00:00,-3.998370619265935
2012-05-07 07:00:00,-3.998370619265935
2012-05-07 08:00:00,-4.969844282208581
2012-05-07 09:00:00,-3.998370619265935
2012-05-07 10:00:00,-3.998370619265935
2012-05-07 11:00:00,-3.998370619265935
2012-05-07 12:00:00,-3.7983706192659348
2012-05-07 13:00:00,-3.998370619265935
2012-05-07 14:00:00,-3.998370619265935
2012-05-07 15:00:00,-3.998370619265935
2012-05-07 16:00:00,-3.998370619265935
2012-05-07 17:00:00,-3.998370619265935
2012-05-07 18:00:00,-4.969844282208581
2012-05-07 19:00:00,-3.998370619265935
2012-05-07 20:00:00,-3.7983706192659348
2012-05-07 21:00:00,-3.7983706192659348
2012-05-07 22:00:00,-3.998370619265935
2012-05-07 23:00:00,-3.998370619265935
2012-05-08 00:00:00,-3.7983706192659348
2012-05-08 01:00:00,-4.969844282208581
2012-05-08 02:00:00,-3.998370619265935
2012-05-08 03:00:00,-4.969844282208581
2012-05-08 04:00:00,-3.575488750216347
2012-05-08 05:00:00,-3.998370619265935
2012-05-08 06:00:00,-3.7983706192659348
2012-05-08 07:00:00,-3.998370619265935
2012-05-08 08:00:00,-3.5983706192659346
2012-05-08 09:00:00,-3.575488750216347
2012-05-08 10:00:00,-3.249185309632968
2012-05-08 11:00:00,-4.969844282208581
2012-05-08 12:00:00,-3.7983706192659348
2012-05-08 13:00:00,-3.3076815597050833
2012-05-08 14:00:00,-3.7398743691938194
2012-05-08 15:00:00,-3.998370619265935
2012-05-08 16:00:00,-3.998370619265935
2012-05-08 17:00:00,-3.7983706192659348
2012-05-08 18:00:00,-4.969844282208581
2012-05-08 19:00:00,-3.998370619265935
2012-05-08 20:00:00,-3.614720492494223
2012-05-08 21:00:00,-3.7983706192659348
2012-05-08 22:00:00,-3.7983706192659348
2012-05-08 23:00:00,-3.7983706192659348
2012-05-09 00:00:00,-3.7983706192659348
2012-05-09 01:00:00,-3.7983706192659348
2012-05-09 02:00:00,-3.7983706192659348
2012-05-09 03:00:00,-3.7983706192659348
2012-05-09 04:00:00,-4.969844282208581
2012-05-09 05:00:00,-3.998370619265935
2012-05-09 06:00:00,-3.7983706192659348
2012-05-09 07:00:00,-3.998370619265935
2012-05-09 08:00:00,-3.998370619265935
2012-05-09 09:00:00,-3.7983706192659348
2012-05-09 10:00:00,-3.7983706192659348
2012-05-09 11:00:00,-4.969844282208581
2012-05-09 12:00:00,-3.7983706192659348
2012-05-09 13:00:00,-3.7983706192659348
2012-05-09 14:00:00,-3.7983706192659348
2012-05-09 15:00:00,-3.7983706192659348
2012-05-09 16:00:00,-3.7983706192659348
2012-05-09 17:00:00,-3.7983706192659348
2012-05-09 18:00:00,-3.7983706192659348
2012-05-09 19:00:00,-3.7983706192659348
2012-05-09 20:00:00,-3.7983706192659348
2012-05-09 21:00:00,-4.969844282208581
2012-05-09 22:00:00,-3.7983706192659348
2012-05-09 23:00:00,-3.998370619265935
2012-05-10 00:00:00,-3.7983706192659348
2012-05-10 01:00:00,-3.7983706192659348
2012-05-10 02:00:00,-3.7983706192659348
2012-05-10 03:00:00,-3.7983706192659348
2012-05-10 04:00:00,-4.969844282208581
2012-05-10 05:00:00,-3.7983706192659348
2012-05-10 06:00:00,-3.7983706192659348
2012-05-10 07:00:00,-3.998370619265935
2012-05-10 08:00:00,-3.7983706192659348
2012-05-10 09:00:00,-3.998370619265935
2012-05-10 10:00:00,-3.998370619265935
2012-05-10 11:00:00,-3.7398743691938194
2012-05-10 12:00:00,-3.7983706192659348
2012-05-10 13:00:00,-3.7983706192659348
2012-05-10 14:00:00,-4.969844282208581
2012-05-10 15:00:00,-3.7398743691938194
2012-05-10 16:00:00,-4.969844282208581
2012-05-10 17:00:00,-3.7983706192659348
2012-05-10 18:00:00,-3.7398743691938194
2012-05-10 19:00:00,-3.7983706192659348
2012-05-10 20:00:00,-3.939874369193819
2012-05-10 21:00:00,-4.424674059849314
2012-05-10 22:00:00,-3.7983706192659348
2012-05-10 23:00:00,-3.7983706192659348
2012-05-11 00:00:00,-3.7398743691938194
2012-05-11 01:00:00,-3.998370619265935
2012-05-11 02:00:00,-3.7983706192659348
2012-05-11 03:00:00,-3.998370619265935
2012-05-11 04:00:00,-3.7983706192659348
2012-05-11 05:00:00,-3.7983706192659348
2012-05-11 06:00:00,-3.7983706192659348
2012-05-11 07:00:00,-4.969844282208581
2012-05-11 08:00:00,-3.998370619265935
2012-05-11 09:00:00,-4.969844282208581
2012-05-11 10:00:00,-3.7983706192659348
2012-05-11 11:00:00,-3.7983706192659348
2012-05-11 12:00:00,-3.7983706192659348
2012-05-11 13:00:00,-3.998370619265935
2012-05-11 14:00:00,-3.7983706192659348
2012-05-11 15:00:00,-3.7983706192659348
2012-05-11 16:00:00,-3.7983706192659348
2012-05-11 17:00:00,-3.7983706192659348
2012-05-11 18:00:00,-3.7983706192659348
2012-05-11 19:00:00,-3.7983706192659348
2012-05-11 20:00:00,-3.998370619265935
2012-05-11 21:00:00,-3.7983706192659348
2012-05-11 22:00:00,-3.7983706192659348
2012-05-11 23:00:00,-3.7983706192659348
2012-05-12 00:00:00,-4.969844282208581
2012-05-12 01:00:00,-3.7983706192659348
2012-05-12 02:00:00,-4.969844282208581
2012-05-12 03:00:00,-3.7983706192659348
2012-05-12 04:00:00,-3.7983706192659348
2012-05-12 05:00:00,-3.7983706192659348
2012-05-12 06:00:00,-3.7983706192659348
2012-05-12 07:00:00,-3.7983706192659348
2012-05-12 08:00:00,-3.7983706192659348
2012-05-12 09:00:00,-3.7983706192659348
2012-05-12 10:00:00,-3.7983706192659348
2012-05-12 11:00:00,-3.7983706192659348
2012-05-12 12:00:00,-3.7983706192659348
2012-05-12 13:00:00,-3.7983706192659348
2012-05-12 14:00:00,-3.7983706192659348
2012-05-12 15:00:00,-3.7983706192659348
2012-05-12 16:00:00,-3.7983706192659348
2012-05-12 17:00:00,-4.969844282208581
2012-05-12 18:00:00,-3.7983706192659348
2012-05-12 19:00:00,-4.969844282208581
2012-05-12 20:00:00,-3.7983706192659348
2012-05-12 21:00:00,-3.7983706192659348
2012-05-12 22:00:00,-2.5584962500721153
2012-05-12 23:00:00,-2.7584962500721155
2012-05-13 00:00:00,-2.7584962500721155
2012-05-13 01:00:00,-2.5584962500721153
2012-05-13 02:00:00,-2.7584962500721155
2012-05-13 03:00:00,-2.5584962500721153
2012-05-13 04:00:00,-2.5584962500721153
2012-05-13 05:00:00,-2.5584962500721153
2012-05-13 06:00:00,-2.5584962500721153
2012-05-13 07:00:00,-2.7584962500721155
2012-05-13 08:00:00,-2.7584962500721155
2012-05-13 09:00:00,-2.5584962500721153
2012-05-13 10:00:00,-6.116578046346641
2012-05-13 11:00:00,-2.5584962500721153
2012-05-13 12:00:00,-6.116578046346641
2012-05-13 13:00:00,-2.5584962500721153
2012-05-13 14:00:00,-2.5584962500721153
2012-05-13 15:00:00,-2.5584962500721153
2012-05-13 16:00:00,-2.5584962500721153
2012-05-13 17:00:00,-2.7584962500721155
2012-05-13 18:00:00,-2.5584962500721153
2012-05-13 19:00:00,-2.7584962500721155
2012-05-13 20:00:00,-2.5584962500721153
2012-05-13 21:00:00,-2.7584962500721155
2012-05-13 22:00:00,-2.5584962500721153
2012-05-13 23:00:00,-2.5584962500721153
2012-05-14 00:00:00,-2.7584962500721155
2012-05-14 01:00:00,-2.5584962500721153
2012-05-14 02:00:00,-2.7584962500721155
2012-05-14 03:00:00,-1.8
2012-05-14 04:00:00,-2.5584962500721153
2012-05-14 05:00:00,-6.116578046346641
2012-05-14 06:00:00,-2.7584962500721155
2012-05-14 07:00:00,-2.5584962500721153
2012-05-14 08:00:00,-2.5584962500721153
2012-05-14 09:00:00,-2.5584962500721153
2012-05-14 10:00:00,-2.5584962500721153
2012-05-14 11:00:00,-2.5584962500721153
2012-05-14 12:00:00,-2.5584962500721153
2012-05-14 13:00:00,-2.5584962500721153
2012-05-14 14:00:00,-2.7584962500721155
2012-05-14 15:00:00,-2.7584962500721155
2012-05-14 16:00:00,-2.8584962500721156
2012-05-14 17:00:00,-2.5584962500721153
2012-05-14 18:00:00,-2.5584962500721153
2012-05-14 19:00:00,-2.5584962500721153
2012-05-14 20:00:00,-2.5584962500721153
2012-05-14 21:00:00,-2.5584962500721153
2012-05-14 22:00:00,-6.116578046346641
2012-05-14 23:00:00,-2.5584962500721153
2012-05-15 00:00:00,-2.5584962500721153
2012-05-15 01:00:00,-2.5584962500721153
2012-05-15 02:00:00,-2.5584962500721153
2012-05-15 03:00:00,-2.5584962500721153
2012-05-15 04:00:00,-2.5584962500721153
2012-05-15 05:00:00,-2.5584962500721153
2012-05-15 06:00:00,-2.2
2012-05-15 07:00:00,-2.5584962500721153
2012-05-15 08:00:00,-2.7584962500721155
2012-05-15 09:00:00,-2.3584962500721156
2012-05-15 10:00:00,-2.7584962500721155
2012-05-15 11:00:00,-2.7584962500721155
2012-05-15 12:00:00,-2.5584962500721153
2012-05-15 13:00:00,-2.5584962500721153
2012-05-15 14:00:00,-2.5584962500721153
2012-05-15 15:00:00,-6.116578046346641
2012-05-15 16:00:00,-2.7584962500721155
2012-05-15 17:00:00,-2.5584962500721153
2012-05-15 18:00:00,-2.5584962500721153
2012-05-15 19:00:00,-2.5584962500721153
2012-05-15 20:00:00,-1.8584962500721154
2012-05-15 21:00:00,-2.7584962500721155
2012-05-15 22:00:00,-2.5584962500721153
2012-05-15 23:00:00,-6.116578046346641
2012-05-16 00:00:00,-2.5584962500721153
2012-05-16 01:00:00,-2.5584962500721153
2012-05-16 02:00:00,-2.7584962500721155
2012-05-16 03:00:00,-2.5584962500721153
2012-05-16 04:00:00,-2.7584962500721155
2012-05-16 05:00:00,-2.7584962500721155
2012-05-16 06:00:00,-2.5584962500721153
2012-05-16 07:00:00,-2.5584962500721153
2012-05-16 08:00:00,-6.116578046346641
2012-05-16 09:00:00,-2.5584962500721153
2012-05-16 10:00:00,-2.5584962500721153
2012-05-16 11:00:00,-2.5584962500721153
2012-05-16 12:00:00,-2.5584962500721153
2012-05-16 13:00:00,-2.7584962500721155
2012-05-16 14:00:00,-2.7584962500721155
2012-05-16 15:00:00,-2.5584962500721153
2012-05-16 16:00:00,-6.116578046346641
2012-05-16 17:00:00,-2.7584962500721155
2012-05-16 18:00:00,-2.7584962500721155
2012-05-16 19:00:00,-2.5584962500721153
2012-05-16 20:00:00,-2.5584962500721153
2012-05-16 21:00:00,-2.7584962500721155
2012-05-16 22:00:00,-2.3
2012-05-16 23:00:00,-2.5584962500721153
2012-05-17 00:00:00,-2.5584962500721153
2012-05-17 01:00:00,-6.116578046346641
2012-05-17 02:00:00,-2.5584962500721153
2012-05-17 03:00:00,-2.7584962500721155
2012-05-17 04:00:00,-2.5584962500721153
2012-05-17 05:00:00,-2.7584962500721155
2012-05-17 06:00:00,-2.7584962500721155
2012-05-17 07:00:00,-2.5584962500721153
2012-05-17 08:00:00,-2.7584962500721155
2012-05-17 09:00:00,-6.116578046346641
2012-05-17 10:00:00,-2.7584962500721155
2012-05-17 11:00:00,-2.5584962500721153
2012-05-17 12:00:00,-2.7584962500721155
2012-05-17 13:00:00,-2.7584962500721155
2012-05-17 14:00:00,-2.7584962500721155
2012-05-17 15:00:00,-6.116578046346641
2012-05-17 16:00:00,-2.7584962500721155
2012-05-17 17:00:00,-2.5584962500721153
2012-05-17 18:00:00,-2.5584962500721153
2012-05-17 19:00:00,-2.7584962500721155
2012-05-17 20:00:00,-2.7584962500721155
2012-05-17 21:00:00,-2.5584962500721153
2012-05-17 22:00:00,-2.5584962500721153
2012-05-17 23:00:00,-2.5584962500721153
2012-05-18 00:00:00,-2.7584962500721155
2012-05-18 01:00:00,-2.0
2012-05-18 02:00:00,-6.116578046346641
2012-05-18 03:00:00,-2.7584962500721155
2012-05-18 04:00:00,-2.5584962500721153
2012-05-18 05:00:00,-2.5584962500721153
2012-05-18 06:00:00,-2.5584962500721153
2012-05-18 07:00:00,-2.5584962500721153
2012-05-18 08:00:00,-6.116578046346641
2012-05-18 09:00:00,-2.5584962500721153
2012-05-18 10:00:00,-2.5584962500721153
2012-05-18 11:00:00,-2.5584962500721153
2012-05-18 12:00:00,-2.7584962500721155
2012-05-18 13:00:00,-2.5584962500721153
2012-05-18 14:00:00,-2.7584962500721155
2012-05-18 15:00:00,-2.7584962500721155
2012-05-18 16:00:00,-2.5584962500721153
2012-05-18 17:00:00,-2.7584962500721155
2012-05-18 18:00:00,-2.7584962500721155
2012-05-18 19:00:00,-6.116578046346641
2012-05-18 20:00:00,-3.3
2012-05-18 21:00:00,-2.7584962500721155
2012-05-18 22:00:00,-2.7584962500721155
2012-05-18 23:00:00,-2.7584962500721155
2012-05-19 00:00:00,-2.7584962500721155
2012-05-19 01:00:00,-6.116578046346641
2012-05-19 02:00:00,-2.7584962500721155
2012-05-19 03:00:00,-2.5584962500721153
2012-05-19 04:00:00,-2.5584962500721153
2012-05-19 05:00:00,-2.5584962500721153
2012-05-19 06:00:00,-2.7584962500721155
2012-05-19 07:00:00,-2.5584962500721153
2012-05-19 08:00:00,-2.5584962500721153
2012-05-19 09:00:00,-2.7584962500721155
2012-05-19 10:00:00,-2.5584962500721153
2012-05-19 11:00:00,-2.7584962500721155
2012-05-19 12:00:00,-6.116578046346641
2012-05-19 13:00:00,-6.116578046346641
2012-05-19 14:00:00,-2.5584962500721153
2012-05-19 15:00:00,-2.7584962500721155
2012-05-19 16:00:00,-2.5584962500721153
2012-05-19 17:00:00,-2.5584962500721153
2012-05-19 18:00:00,-6.116578046346641
2012-05-19 19:00:00,-2.5584962500721153
2012-05-19 20:00:00,-2.5584962500721153
2012-05-19 21:00:00,-2.5584962500721153
2012-05-19 22:00:00,-2.7584962500721155
2012-05-19 23:00:00,-2.5584962500721153
2012-05-20 00:00:00,-2.5584962500721153
2012-05-20 01:00:00,-2.5584962500721153
2012-05-20 02:00:00,-2.7584962500721155
2012-05-20 03:00:00,-2.7584962500721155
2012-05-20 04:00:00,-2.9584962500721153
2012-05-20 05:00:00,-6.116578046346641
2012-05-20 06:00:00,-6.116578046346641
2012-05-20 07:00:00,-2.5584962500721153
2012-05-20 08:00:00,-2.5584962500721153
2012-05-20 09:00:00,-2.5584962500721153
2012-05-20 10:00:00,-2.5584962500721153
2012-05-20 11:00:00,-1.9
2012-05-20 12:00:00,-2.5584962500721153
2012-05-20 13:00:00,-2.5584962500721153
2012-05-20 14:00:00,-2.7584962500721155
2012-05-20 15:00:00,-2.7584962500721155
2012-05-20 16:00:00,-2.7584962500721155
2012-05-20 17:00:00,-2.5584962500721153
2012-05-20 18:00:00,-2.7584962500721155
2012-05-20 19:00:00,-2.7584962500721155
2012-05-20 20:00:00,-2.5584962500721153
2012-05-20 21:00:00,-2.7584962500721155
2012-05-20 22:00:00,-1.8
2012-05-20 23:00:00,-1.8
2012-05-21 00:00:00,-3.3
2012-05-21 01:00:00,-2.5584962500721153
2012-05-21 02:00:00,-2.5584962500721153
2012-05-21 03:00:00,-2.5584962500721153
2012-05-21 04:00:00,-2.7584962500721155
2012-05-21 05:00:00,-2.5584962500721153
2012-05-21 06:00:00,-2.7584962500721155
2012-05-21 07:00:00,-2.5584962500721153
2012-05-21 08:00:00,-2.5584962500721153
2012-05-21 09:00:00,-2.7584962500721155
2012-05-21 10:00:00,-2.7584962500721155
2012-05-21 11:00:00,-2.7584962500721155
2012-05-21 12:00:00,-2.5584962500721153
2012-05-21 13:00:00,-2.7584962500721155
2012-05-21 14:00:00,-2.7584962500721155
2012-05-21 15:00:00,-2.5584962500721153
2012-05-21 16:00:00,-2.7584962500721155
2012-05-21 17:00:00,-1.9
2012-05-21 18:00:00,-2.7584962500721155
2012-05-21 19:00:00,-2.5584962500721153
2012-05-21 20:00:00,-2.7584962500721155
2012-05-21 21:00:00,-2.5584962500721153
2012-05-21 22:00:00,-2.5584962500721153
2012-05-21 23:00:00,-2.5584962500721153
2012-05-22 00:00:00,-2.7584962500721155
2012-05-22 01:00:00,-2.5584962500721153
2012-05-22 02:00:00,-2.5584962500721153
2012-05-22 03:00:00,-2.7584962500721155
2012-05-22 04:00:00,-2.7584962500721155
2012-05-22 05:00:00,-2.5584962500721153
2012-05-22 06:00:00,-2.5584962500721153
2012-05-22 07:00:00,-2.5584962500721153
2012-05-22 08:00:00,-2.5584962500721153
2012-05-22 09:00:00,-2.7584962500721155
2012-05-22 10:00:00,-2.5584962500721153
2012-05-22 11:00:00,-2.5584962500721153
2012-05-22 12:00:00,-2.7584962500721155
2012-05-22 13:00:00,-2.5584962500721153
2012-05-22 14:00:00,-2.7584962500721155
2012-05-22 15:00:00,-2.7584962500721155
2012-05-22 16:00:00,-2.5584962500721153
2012-05-22 17:00:00,-2.5584962500721153
2012-05-22 18:00:00,-2.7584962500721155
2012-05-22 19:00:00,-2.7584962500721155
2012-05-22 20:00:00,-2.7584962500721155
2012-05-22 21:00:00,-2.5584962500721153
2012-05-22 22:00:00,-2.7584962500721155
2012-05-22 23:00:00,-2.5584962500721153
2012-05-23 00:00:00,-2.7584962500721155
2012-05-23 01:00:00,-2.7584962500721155
2012-05-23 02:00:00,-2.5584962500721153
2012-05-23 03:00:00,-2.5584962500721153
2012-05-23 04:00:00,-2.7584962500721155
2012-05-23 05:00:00,-2.7584962500721155
2012-05-23 06:00:00,-2.5584962500721153
2012-05-23 07:00:00,-2.7584962500721155
2012-05-23 08:00:00,-4.4768184324776925
2012-05-23 09:00:00,-4.4768184324776925
2012-05-23 10:00:00,-4.0
2012-05-23 11:00:00,-3.9
2012-05-23 12:00:00,-4.4768184324776925
2012-05-23 13:00:00,-4.3
2012-05-23 14:00:00,-3.9
2012-05-23 15:00:00,-4.4
2012-05-23 16:00:00,-4.4768184324776925
2012-05-23 17:00:00,-4.4768184324776925
2012-05-23 18:00:00,-4.276818432477692
2012-05-23 19:00:00,-4.4768184324776925
2012-05-23 20:00:00,-4.3
2012-05-23 21:00:00,-4.3
2012-05-23 22:00:00,-4.4
2012-05-23 23:00:00,-4.4768184324776925
2012-05-24 00:00:00,-4.3
2012-05-24 01:00:00,-4.4768184324776925
2012-05-24 02:00:00,-4.3
2012-05-24 03:00:00,-4.4768184324776925
2012-05-24 04:00:00,-4.4768184324776925
2012-05-24 05:00:00,-3.9
2012-05-24 06:00:00,-4.576818432477692
2012-05-24 07:00:00,-4.4768184324776925
2012-05-24 08:00:00,-4.4768184324776925
2012-05-24 09:00:00,-4.4768184324776925
2012-05-24 10:00:00,-4.0
2012-05-24 11:00:00,-4.4768184324776925
2012-05-24 12:00:00,-4.3
2012-05-24 13:00:00,-4.4768184324776925
2012-05-24 14:00:00,-4.4768184324776925
2012-05-24 15:00:00,-4.4768184324776925
2012-05-24 16:00:00,-4.3
2012-05-24 17:00:00,-4.4768184324776925
2012-05-24 18:00:00,-4.4768184324776925
2012-05-24 19:00:00,-4.4768184324776925
2012-05-24 20:00:00,-4.0
2012-05-24 21:00:00,-4.4768184324776925
2012-05-24 22:00:00,-4.3
2012-05-24 23:00:00,-4.4768184324776925
2012-05-25 00:00:00,-2.3
2012-05-25 01:00:00,-4.576818432477692
2012-05-25 02:00:00,-4.4768184324776925
2012-05-25 03:00:00,-4.4768184324776925
2012-05-25 04:00:00,-3.5
2012-05-25 05:00:00,-4.0
2012-05-25 06:00:00,-4.3
2012-05-25 07:00:00,-4.4768184324776925
2012-05-25 08:00:00,-4.3
2012-05-25 09:00:00,-3.9
2012-05-25 10:00:00,-4.4768184324776925
2012-05-25 11:00:00,-4.4
2012-05-25 12:00:00,-3.9
2012-05-25 13:00:00,-2.6
2012-05-25 14:00:00,-2.3
2012-05-25 15:00:00,-3.8
2012-05-25 16:00:00,-2.6
2012-05-25 17:00:00,-3.8
2012-05-25 18:00:00,-3.8
2012-05-25 19:00:00,-3.8
2012-05-25 20:00:00,-3.4
2012-05-25 21:00:00,-3.4
2012-05-25 22:00:00,-3.4
2012-05-25 23:00:00,-3.4
2012-05-26 00:00:00,-3.8
2012-05-26 01:00:00,-3.8
2012-05-26 02:00:00,-3.8
2012-05-26 03:00:00,-3.8
2012-05-26 04:00:00,-3.8
2012-05-26 05:00:00,-3.8
2012-05-26 06:00:00,-3.8
2012-05-26 07:00:00,-3.4
2012-05-26 08:00:00,-3.4
2012-05-26 09:00:00,-3.8
2012-05-26 10:00:00,-3.8
2012-05-26 11:00:00,-3.8
2012-05-26 12:00:00,-3.4
2012-05-26 13:00:00,-3.8
2012-05-26 14:00:00,-3.8
2012-05-26 15:00:00,-3.8
2012-05-26 16:00:00,-3.4
2012-05-26 17:00:00,-3.8
2012-05-26 18:00:00,-3.8
2012-05-26 19:00:00,-3.8
2012-05-26 20:00:00,-3.8
2012-05-26 21:00:00,-3.4
2012-05-26 22:00:00,-3.8
2012-05-26 23:00:00,-3.8
2012-05-27 00:00:00,-3.8
2012-05-27 01:00:00,-3.4344295907915816
2012-05-27 02:00:00,-3.8
2012-05-27 03:00:00,-3.4
2012-05-27 04:00:00,-3.8
2012-05-27 05:00:00,-3.9
2012-05-27 06:00:00,-3.1
2012-05-27 07:00:00,-3.1
2012-05-27 08:00:00,-3.8
2012-05-27 09:00:00,-3.6
2012-05-27 10:00:00,-3.8
2012-05-27 11:00:00,-3.8
2012-05-27 12:00:00,-3.9
2012-05-27 13:00:00,-3.1
2012-05-27 14:00:00,-3.8
2012-05-27 15:00:00,-3.8
2012-05-27 16:00:00,-3.5
2012-05-27 17:00:00,-3.8
2012-05-27 18:00:00,-5.862418372119249
2012-05-27 19:00:00,-3.4
2012-05-27 20:00:00,-3.8
2012-05-27 21:00:00,-3.8
2012-05-27 22:00:00,-3.8
2012-05-27 23:00:00,-3.4
2012-05-28 00:00:00,-3.8
2012-05-28 01:00:00,-3.4
2012-05-28 02:00:00,-3.4
2012-05-28 03:00:00,-3.8
2012-05-28 04:00:00,-3.5
2012-05-28 05:00:00,-3.8
2012-05-28 06:00:00,-3.1
2012-05-28 07:00:00,-3.4
2012-05-28 08:00:00,-3.8
2012-05-28 09:00:00,-3.4
2012-05-28 10:00:00,-2.5643856189774725
2012-05-28 11:00:00,-5.862418372119249
2012-05-28 12:00:00,-3.4
2012-05-28 13:00:00,-3.8
2012-05-28 14:00:00,-3.8
2012-05-28 15:00:00,-3.8
2012-05-28 16:00:00,-3.8
2012-05-28 17:00:00,-3.4
2012-05-28 18:00:00,-3.8
2012-05-28 19:00:00,-3.8
2012-05-28 20:00:00,-3.4
2012-05-28 21:00:00,-3.8
2012-05-28 22:00:00,-3.8
2012-05-28 23:00:00,-3.8
2012-05-29 00:00:00,-3.9
2012-05-29 01:00:00,-4.4768184324776925
2012-05-29 02:00:00,-3.4
2012-05-29 03:00:00,-5.862418372119249
2012-05-29 04:00:00,-5.862418372119249
2012-05-29 05:00:00,-3.8
2012-05-29 06:00:00,-3.8
2012-05-29 07:00:00,-3.8
2012-05-29 08:00:00,-3.5
2012-05-29 09:00:00,-3.1
2012-05-29 10:00:00,-3.8
2012-05-29 11:00:00,-3.8
2012-05-29 12:00:00,-3.1
2012-05-29 13:00:00,-3.8
2012-05-29 14:00:00,-3.8
2012-05-29 15:00:00,-3.8
2012-05-29 16:00:00,-3.8
2012-05-29 17:00:00,-3.9
2012-05-29 18:00:00,-3.8
2012-05-29 19:00:00,-3.4
2012-05-29 20:00:00,-5.862418372119249
2012-05-29 21:00:00,-5.862418372119249
2012-05-29 22:00:00,-3.4
2012-05-29 23:00:00,-3.8
2012-05-30 00:00:00,-3.8
2012-05-30 01:00:00,-3.9
2012-05-30 02:00:00,-3.8
2012-05-30 03:00:00,-3.8
2012-05-30 04:00:00,-3.8
2012-05-30 05:00:00,-3.4
2012-05-30 06:00:00,-3.9
2012-05-30 07:00:00,-3.4
2012-05-30 08:00:00,-3.8
2012-05-30 09:00:00,-3.4
2012-05-30 10:00:00,-3.8
2012-05-30 11:00:00,-3.4
2012-05-30 12:00:00,-3.4
2012-05-30 13:00:00,-5.862418372119249
2012-05-30 14:00:00,-5.862418372119249
2012-05-30 15:00:00,-3.8
2012-05-30 16:00:00,-3.8
2012-05-30 17:00:00,-3.8
2012-05-30 18:00:00,-3.4
2012-05-30 19:00:00,-3.1
2012-05-30 20:00:00,-3.8
2012-05-30 21:00:00,-3.8
2012-05-30 22:00:00,-3.8
2012-05-30 23:00:00,-3.8
2012-05-31 00:00:00,-3.8
2012-05-31 01:00:00,-3.1
2012-05-31 02:00:00,-3.8
2012-05-31 03:00:00,-3.8
2012-05-31 04:00:00,-3.8
2012-05-31 05:00:00,-3.8
2012-05-31 06:00:00,-5.862418372119249
2012-05-31 07:00:00,-4.0
2012-05-31 08:00:00,-3.8
2012-05-31 09:00:00,-3.8
2012-05-31 10:00:00,-3.4
2012-05-31 11:00:00,-3.4
2012-05-31 12:00:00,-3.8
2012-05-31 13:00:00,-3.4
2012-05-31 14:00:00,-3.8
2012-05-31 15:00:00,-3.8
2012-05-31 16:00:00,-3.8
2012-05-31 17:00:00,-3.4
2012-05-31 18:00:00,-3.8
2012-05-31 19:00:00,-3.8
2012-05-31 20:00:00,-3.8
2012-05-31 21:00:00,-3.4
2012-05-31 22:00:00,-3.8
2012-05-31 23:00:00,-5.862418372119249
2012-06-01 00:00:00,-3.9
2012-06-01 01:00:00,-3.4
2012-06-01 02:00:00,-3.8
2012-06-01 03:00:00,-3.8
2012-06-01 04:00:00,-3.4
2012-06-01 05:00:00,-3.2
2012-06-01 06:00:00,-3.4
2012-06-01 07:00:00,-3.8
2012-06-01 08:00:00,-3.4
2012-06-01 09:00:00,-3.8
2012-06-01 10:00:00,-3.5
2012-06-01 11:00:00,-3.4
2012-06-01 12:00:00,-3.8
2012-06-01 13:00:00,-3.8
2012-06-01 14:00:00,-3.4
2012-06-01 15:00:00,-3.4
2012-06-01 16:00:00,-5.862418372119249
2012-06-01 17:00:00,-3.4
2012-06-01 18:00:00,-3.4
2012-06-01 19:00:00,-3.8
2012-06-01 20:00:00,-3.4
2012-06-01 21:00:00,-3.8
2012-06-01 22:00:00,-3.5
2012-06-01 23:00:00,-3.4
2012-06-02 00:00:00,-3.5
2012-06-02 01:00:00,-3.1
2012-06-02 02:00:00,-3.8
2012-06-02 03:00:00,-3.8
2012-06-02 04:00:00,-3.4
2012-06-02 05:00:00,-3.8
2012-06-02 06:00:00,-3.8
2012-06-02 07:00:00,-3.8
2012-06-02 08:00:00,-3.8
2012-06-02 09:00:00,-5.862418372119249
2012-06-02 10:00:00,-3.8
2012-06-02 11:00:00,-3.8
2012-06-02 12:00:00,-3.8
2012-06-02 13:00:00,-3.8
2012-06-02 14:00:00,-3.8
2012-06-02 15:00:00,-3.8
2012-06-02 16:00:00,-3.8
2012-06-02 17:00:00,-5.862418372119249
2012-06-02 18:00:00,-3.0
2012-06-02 19:00:00,-3.0
2012-06-02 20:00:00,-2.8
2012-06-02 21:00:00,-2.8
2012-06-02 22:00:00,-3.0
2012-06-02 23:00:00,-3.0
2012-06-03 00:00:00,-2.8
2012-06-03 01:00:00,-2.8
2012-06-03 02:00:00,-5.258069664133283
2012-06-03 03:00:00,-3.0
2012-06-03 04:00:00,-3.0
2012-06-03 05:00:00,-3.0
2012-06-03 06:00:00,-2.5
2012-06-03 07:00:00,-3.7876516946564998
2012-06-03 08:00:00,-2.8
2012-06-03 09:00:00,-3.0
2012-06-03 10:00:00,-5.258069664133283
2012-06-03 11:00:00,-2.8
2012-06-03 12:00:00,-2.8
2012-06-03 13:00:00,-3.0
2012-06-03 14:00:00,-3.0
2012-06-03 15:00:00,-3.0
2012-06-03 16:00:00,-2.8
2012-06-03 17:00:00,-2.8
2012-06-03 18:00:00,-3.0
2012-06-03 19:00:00,-2.9807354922057607
2012-06-03 20:00:00,-2.8
2012-06-03 21:00:00,-2.8
2012-06-03 22:00:00,-2.8
2012-06-03 23:00:00,-3.0
2012-06-04 00:00:00,-2.8
2012-06-04 01:00:00,-2.8
2012-06-04 02:00:00,-2.8
2012-06-04 03:00:00,-5.258069664133283
2012-06-04 04:00:00,-2.8
2012-06-04 05:00:00,-3.0
2012-06-04 06:00:00,-3.0
2012-06-04 07:00:00,-2.8
2012-06-04 08:00:00,-3.0
2012-06-04 09:00:00,-2.8
2012-06-04 10:00:00,-3.0
2012-06-04 11:00:00,-2.8
2012-06-04 12:00:00,-3.0
2012-06-04 13:00:00,-2.0
2012-06-04 14:00:00,-3.0
2012-06-04 15:00:00,-2.8
2012-06-04 16:00:00,-2.8
2012-06-04 17:00:00,-2.8
2012-06-04 18:00:00,-2.8
2012-06-04 19:00:00,-3.0
2012-06-04 20:00:00,-5.258069664133283
2012-06-04 21:00:00,-3.7876516946564998
2012-06-04 22:00:00,-3.0
2012-06-04 23:00:00,-2.8
2012-06-05 00:00:00,-2.8
2012-06-05 01:00:00,-3.0
2012-06-05 02:00:00,-3.0
2012-06-05 03:00:00,-3.0
2012-06-05 04:00:00,-3.0
2012-06-05 05:00:00,-2.8
2012-06-05 06:00:00,-3.0
2012-06-05 07:00:00,-3.0
2012-06-05 08:00:00,-2.8
2012-06-05 09:00:00,-2.8
2012-06-05 10:00:00,-2.8
2012-06-05 11:00:00,-2.8
2012-06-05 12:00:00,-2.8
2012-06-05 13:00:00,-5.258069664133283
2012-06-05 14:00:00,-3.0
2012-06-05 15:00:00,-2.8
2012-06-05 16:00:00,-3.0
2012-06-05 17:00:00,-3.0
2012-06-05 18:00:00,-2.8
2012-06-05 19:00:00,-2.8
2012-06-05 20:00:00,-2.8
2012-06-05 21:00:00,-3.0
2012-06-05 22:00:00,-2.8
2012-06-05 23:00:00,-2.8
2012-06-06 00:00:00,-2.8
2012-06-06 01:00:00,-2.8
2012-06-06 02:00:00,-3.0
2012-06-06 03:00:00,-2.8
2012-06-06 04:00:00,-3.0
2012-06-06 05:00:00,-2.8
2012-06-06 06:00:00,-5.258069664133283
2012-06-06 07:00:00,-2.8
2012-06-06 08:00:00,-3.0
2012-06-06 09:00:00,-3.0
2012-06-06 10:00:00,-2.8
2012-06-06 11:00:00,-2.8
2012-06-06 12:00:00,-2.8
2012-06-06 13:00:00,-2.8
2012-06-06 14:00:00,-3.6
2012-06-06 15:00:00,-2.8
2012-06-06 16:00:00,-2.8
2012-06-06 17:00:00,-2.8
2012-06-06 18:00:00,-2.8
2012-06-06 19:00:00,-3.0
2012-06-06 20:00:00,-3.0
2012-06-06 21:00:00,-2.8
2012-06-06 22:00:00,-3.0
2012-06-06 23:00:00,-2.5
2012-06-07 00:00:00,-2.8
2012-06-07 01:00:00,-3.0
2012-06-07 02:00:00,-2.8
2012-06-07 03:00:00,-3.0
2012-06-07 04:00:00,-2.8
2012-06-07 05:00:00,-3.6
2012-06-07 06:00:00,-3.0
2012-06-07 07:00:00,-2.8
2012-06-07 08:00:00,-3.0
2012-06-07 09:00:00,-2.8
2012-06-07 10:00:00,-2.8
2012-06-07 11:00:00,-2.8
2012-06-07 12:00:00,-2.8
2012-06-07 13:00:00,-3.7876516946564998
2012-06-07 14:00:00,-2.8
2012-06-07 15:00:00,-2.8
2012-06-07 16:00:00,-2.8
2012-06-07 17:00:00,-2.8
2012-06-07 18:00:00,-2.8
2012-06-07 19:00:00,-2.8
2012-06-07 20:00:00,-2.8
2012-06-07 21:00:00,-2.8
2012-06-07 22:00:00,-3.0
2012-06-07 23:00:00,-2.8
2012-06-08 00:00:00,-3.0
2012-06-08 01:00:00,-3.0
2012-06-08 02:00:00,-3.6
2012-06-08 03:00:00,-2.8
2012-06-08 04:00:00,-3.0
2012-06-08 05:00:00,-3.0
2012-06-08 06:00:00,-2.5
2012-06-08 07:00:00,-3.0
2012-06-08 08:00:00,-3.0
2012-06-08 09:00:00,-2.8
2012-06-08 10:00:00,-2.8
2012-06-08 11:00:00,-2.8
2012-06-08 12:00:00,-2.8
2012-06-08 13:00:00,-2.8
2012-06-08 14:00:00,-2.8
2012-06-08 15:00:00,-2.8
2012-06-08 16:00:00,-2.8
2012-06-08 17:00:00,-2.8
2012-06-08 18:00:00,-2.8
2012-06-08 19:00:00,-3.0
2012-06-08 20:00:00,-3.0
2012-06-08 21:00:00,-3.7876516946564998
2012-06-08 22:00:00,-2.8
2012-06-08 23:00:00,-2.8
2012-06-09 00:00:00,-3.0
2012-06-09 01:00:00,-2.8
2012-06-09 02:00:00,-2.8
2012-06-09 03:00:00,-2.8
2012-06-09 04:00:00,-3.0
2012-06-09 05:00:00,-3.6
2012-06-09 06:00:00,-2.8
2012-06-09 07:00:00,-2.8
2012-06-09 08:00:00,-3.7876516946564998
2012-06-09 09:00:00,-3.7876516946564998
2012-06-09 10:00:00,-2.8
2012-06-09 11:00:00,-3.0
2012-06-09 12:00:00,-3.4
2012-06-09 13:00:00,-2.8
2012-06-09 14:00:00,-2.8
2012-06-09 15:00:00,-3.0
2012-06-09 16:00:00,-2.7
2012-06-09 17:00:00,-3.0
2012-06-09 18:00:00,-3.0
2012-06-09 19:00:00,-2.8
2012-06-09 20:00:00,-3.6
2012-06-09 21:00:00,-3.0
2012-06-09 22:00:00,-3.0
2012-06-09 23:00:00,-2.8
2012-06-10 00:00:00,-3.6
2012-06-10 01:00:00,-2.8
2012-06-10 02:00:00,-2.8
2012-06-10 03:00:00,-3.0
2012-06-10 04:00:00,-2.8
2012-06-10 05:00:00,-5.258069664133283
2012-06-10 06:00:00,-3.0
2012-06-10 07:00:00,-2.8
2012-06-10 08:00:00,-2.8
2012-06-10 09:00:00,-2.8
2012-06-10 10:00:00,-2.8
2012-06-10 11:00:00,-2.8
2012-06-10 12:00:00,-3.7876516946564998
2012-06-10 13:00:00,-2.8
2012-06-10 14:00:00,-2.8
2012-06-10 15:00:00,-2.8
2012-06-10 16:00:00,-2.8
2012-06-10 17:00:00,-3.0
2012-06-10 18:00:00,-2.8
2012-06-10 19:00:00,-2.8
2012-06-10 20:00:00,-3.0
2012-06-10 21:00:00,-3.0
2012-06-10 22:00:00,-5.258069664133283
2012-06-10 23:00:00,-2.8
2012-06-11 00:00:00,-2.8
2012-06-11 01:00:00,-2.8
2012-06-11 02:00:00,-2.8
2012-06-11 03:00:00,-2.8
2012-06-11 04:00:00,-2.8
2012-06-11 05:00:00,-2.8
2012-06-11 06:00:00,-2.8
2012-06-11 07:00:00,-2.8
2012-06-11 08:00:00,-2.7
2012-06-11 09:00:00,-3.0
2012-06-11 10:00:00,-2.8
2012-06-11 11:00:00,-2.8
2012-06-11 12:00:00,-2.4
2012-06-11 13:00:00,-2.8
2012-06-11 14:00:00,-2.8
2012-06-11 15:00:00,-5.258069664133283
2012-06-11 16:00:00,-2.6
2012-06-11 17:00:00,-2.8
2012-06-11 18:00:00,-3.0
2012-06-11 19:00:00,-2.8
2012-06-11 20:00:00,-2.8
2012-06-11 21:00:00,-3.0
2012-06-11 22:00:00,-2.857931593758001
2012-06-11 23:00:00,-3.0
2012-06-12 00:00:00,-3.0
2012-06-12 01:00:00,-2.8
2012-06-12 02:00:00,-2.8
2012-06-12 03:00:00,-3.0
2012-06-12 04:00:00,-2.8
2012-06-12 05:00:00,-3.0
2012-06-12 06:00:00,-2.8
2012-06-12 07:00:00,-2.8
2012-06-12 08:00:00,-5.258069664133283
2012-06-12 09:00:00,-2.8
2012-06-12 10:00:00,-2.8
2012-06-12 11:00:00,-5.258069664133283
2012-06-12 12:00:00,-3.0
2012-06-12 13:00:00,-3.0
2012-06-12 14:00:00,-3.0
2012-06-12 15:00:00,-5.258069664133283
2012-06-12 16:00:00,-3.0
2012-06-12 17:00:00,-3.0
2012-06-12 18:00:00,-2.8
2012-06-12 19:00:00,-2.8
2012-06-12 20:00:00,-3.0
2012-06-12 21:00:00,-2.8
2012-06-12 22:00:00,-2.8
2012-06-12 23:00:00,-2.8
2012-06-13 00:00:00,-2.8
2012-06-13 01:00:00,-5.258069664133283
2012-06-13 02:00:00,-2.8
2012-06-13 03:00:00,-3.0
2012-06-13 04:00:00,-4.1701306461958625
2012-06-13 05:00:00,-3.9906890595608515
2012-06-13 06:00:00,-4.1701306461958625
2012-06-13 07:00:00,-3.9906890595608515
2012-06-13 08:00:00,-5.1796841501793605
2012-06-13 09:00:00,-3.9906890595608515
2012-06-13 10:00:00,-4.1701306461958625
2012-06-13 11:00:00,-3.9906890595608515
2012-06-13 12:00:00,-4.1701306461958625
2012-06-13 13:00:00,-3.9906890595608515
2012-06-13 14:00:00,-3.9906890595608515
2012-06-13 15:00:00,-3.9906890595608515
2012-06-13 16:00:00,-4.1701306461958625
2012-06-13 17:00:00,-3.771424551766612
2012-06-13 18:00:00,-5.1796841501793605
2012-06-13 19:00:00,-4.1701306461958625
2012-06-13 20:00:00,-4.433938029913934
2012-06-13 21:00:00,-3.9906890595608515
2012-06-13 22:00:00,-4.1701306461958625
2012-06-13 23:00:00,-3.6321928094887364
2012-06-14 00:00:00,-3.771424551766612
2012-06-14 01:00:00,-2.699435343685886
2012-06-14 02:00:00,-3.9906890595608515
2012-06-14 03:00:00,-4.1701306461958625
2012-06-14 04:00:00,-4.035231935484684
2012-06-14 05:00:00,-3.771424551766612
2012-06-14 06:00:00,-3.9906890595608515
2012-06-14 07:00:00,-4.1701306461958625
2012-06-14 08:00:00,-4.1701306461958625
2012-06-14 09:00:00,-4.1701306461958625
2012-06-14 10:00:00,-3.9906890595608515
2012-06-14 11:00:00,-5.1796841501793605
2012-06-14 12:00:00,-4.1701306461958625
2012-06-14 13:00:00,-4.1701306461958625
2012-06-14 14:00:00,-4.1701306461958625
2012-06-14 15:00:00,-4.254496443278923
2012-06-14 16:00:00,-3.9906890595608515
2012-06-14 17:00:00,-4.433938029913934
2012-06-14 18:00:00,-5.1796841501793605
2012-06-14 19:00:00,-4.433938029913934
2012-06-14 20:00:00,-3.9906890595608515
2012-06-14 21:00:00,-4.254496443278923
2012-06-14 22:00:00,-3.9906890595608515
2012-06-14 23:00:00,-3.9906890595608515
2012-06-15 00:00:00,-4.1701306461958625
2012-06-15 01:00:00,-4.1701306461958625
2012-06-15 02:00:00,-4.1701306461958625
2012-06-15 03:00:00,-3.9906890595608515
2012-06-15 04:00:00,-5.1796841501793605
2012-06-15 05:00:00,-3.9906890595608515
2012-06-15 06:00:00,-3.9906890595608515
2012-06-15 07:00:00,-4.1701306461958625
2012-06-15 08:00:00,-3.9906890595608515
2012-06-15 09:00:00,-4.1701306461958625
2012-06-15 10:00:00,-3.9906890595608515
2012-06-15 11:00:00,-5.1796841501793605
2012-06-15 12:00:00,-4.1701306461958625
2012-06-15 13:00:00,-4.1701306461958625
2012-06-15 14:00:00,-3.9906890595608515
2012-06-15 15:00:00,-3.9906890595608515
2012-06-15 16:00:00,-4.1701306461958625
2012-06-15 17:00:00,-3.9906890595608515
2012-06-15 18:00:00,-4.433938029913934
2012-06-15 19:00:00,-5.1796841501793605
2012-06-15 20:00:00,-3.9906890595608515
2012-06-15 21:00:00,-5.1796841501793605
2012-06-15 22:00:00,-4.254496443278923
2012-06-15 23:00:00,-4.1701306461958625
2012-06-16 00:00:00,-4.1701306461958625
2012-06-16 01:00:00,-3.9906890595608515
2012-06-16 02:00:00,-4.1701306461958625
2012-06-16 03:00:00,-3.9906890595608515
2012-06-16 04:00:00,-5.1796841501793605
2012-06-16 05:00:00,-4.1701306461958625
2012-06-16 06:00:00,-3.771424551766612
2012-06-16 07:00:00,-4.254496443278923
2012-06-16 08:00:00,-4.1701306461958625
2012-06-16 09:00:00,-4.1701306461958625
2012-06-16 10:00:00,-4.1701306461958625
2012-06-16 11:00:00,-3.9906890595608515
2012-06-16 12:00:00,-3.270043971814109
2012-06-16 13:00:00,-3.9906890595608515
2012-06-16 14:00:00,-5.1796841501793605
2012-06-16 15:00:00,-4.1701306461958625
2012-06-16 16:00:00,-4.1701306461958625
2012-06-16 17:00:00,-3.9906890595608515
2012-06-16 18:00:00,-3.9906890595608515
2012-06-16 19:00:00,-4.1701306461958625
2012-06-16 20:00:00,-4.1701306461958625
2012-06-16 21:00:00,-5.1796841501793605
2012-06-16 22:00:00,-4.1701306461958625
2012-06-16 23:00:00,-3.9906890595608515
2012-06-17 00:00:00,-4.1701306461958625
2012-06-17 01:00:00,-3.9906890595608515
2012-06-17 02:00:00,-3.9906890595608515
2012-06-17 03:00:00,-4.1701306461958625
2012-06-17 04:00:00,-4.1701306461958625
2012-06-17 05:00:00,-3.9906890595608515
2012-06-17 06:00:00,-4.1701306461958625
2012-06-17 07:00:00,-5.1796841501793605
2012-06-17 08:00:00,-4.1701306461958625
2012-06-17 09:00:00,-3.9906890595608515
2012-06-17 10:00:00,-4.171424551766612
2012-06-17 11:00:00,-4.1701306461958625
2012-06-17 12:00:00,-4.1701306461958625
2012-06-17 13:00:00,-3.9906890595608515
2012-06-17 14:00:00,-5.1796841501793605
2012-06-17 15:00:00,-4.1701306461958625
2012-06-17 16:00:00,-4.1701306461958625
2012-06-17 17:00:00,-4.1701306461958625
2012-06-17 18:00:00,-3.9906890595608515
2012-06-17 19:00:00,-4.1701306461958625
2012-06-17 20:00:00,-3.9906890595608515
2012-06-17 21:00:00,-4.1701306461958625
2012-06-17 22:00:00,-3.9906890595608515
2012-06-17 23:00:00,-4.1701306461958625
2012-06-18 00:00:00,-5.1796841501793605
2012-06-18 01:00:00,-4.1701306461958625
2012-06-18 02:00:00,-3.9906890595608515
2012-06-18 03:00:00,-4.1701306461958625
2012-06-18 04:00:00,-4.1701306461958625
2012-06-18 05:00:00,-3.9906890595608515
2012-06-18 06:00:00,-4.1701306461958625
2012-06-18 07:00:00,-5.1796841501793605
2012-06-18 08:00:00,-4.1701306461958625
2012-06-18 09:00:00,-4.1701306461958625
2012-06-18 10:00:00,-3.9906890595608515
2012-06-18 11:00:00,-4.1701306461958625
2012-06-18 12:00:00,-3.9906890595608515
2012-06-18 13:00:00,-4.1701306461958625
2012-06-18 14:00:00,-4.1701306461958625
2012-06-18 15:00:00,-4.1701306461958625
2012-06-18 16:00:00,-3.771424551766612
2012-06-18 17:00:00,-5.1796841501793605
2012-06-18 18:00:00,-3.9906890595608515
2012-06-18 19:00:00,-4.1701306461958625
2012-06-18 20:00:00,-4.1701306461958625
2012-06-18 21:00:00,-4.1701306461958625
2012-06-18 22:00:00,-3.9906890595608515
2012-06-18 23:00:00,-4.1701306461958625
2012-06-19 00:00:00,-5.1796841501793605
2012-06-19 01:00:00,-3.9906890595608515
2012-06-19 02:00:00,-4.1701306461958625
2012-06-19 03:00:00,-3.9906890595608515
2012-06-19 04:00:00,-4.1701306461958625
2012-06-19 05:00:00,-4.1701306461958625
2012-06-19 06:00:00,-4.1701306461958625
2012-06-19 07:00:00,-4.1701306461958625
2012-06-19 08:00:00,-4.1701306461958625
2012-06-19 09:00:00,-3.9906890595608515
2012-06-19 10:00:00,-3.1584962500721154
2012-06-19 11:00:00,-4.1701306461958625
2012-06-19 12:00:00,-3.9906890595608515
2012-06-19 13:00:00,-4.1701306461958625
2012-06-19 14:00:00,-3.9906890595608515
2012-06-19 15:00:00,-3.9906890595608515
2012-06-19 16:00:00,-4.1701306461958625
2012-06-19 17:00:00,-5.1796841501793605
2012-06-19 18:00:00,-3.9906890595608515
2012-06-19 19:00:00,-4.1701306461958625
2012-06-19 20:00:00,-4.1701306461958625
2012-06-19 21:00:00,-4.1701306461958625
2012-06-19 22:00:00,-4.1701306461958625
2012-06-19 23:00:00,-4.1701306461958625
2012-06-20 00:00:00,-3.9906890595608515
2012-06-20 01:00:00,-3.9906890595608515
2012-06-20 02:00:00,-4.1701306461958625
2012-06-20 03:00:00,-3.9906890595608515
2012-06-20 04:00:00,-4.1701306461958625
2012-06-20 05:00:00,-4.1701306461958625
2012-06-20 06:00:00,-4.1701306461958625
2012-06-20 07:00:00,-4.1701306461958625
2012-06-20 08:00:00,-4.254496443278923
2012-06-20 09:00:00,-2.5
2012-06-20 10:00:00,-5.1796841501793605
2012-06-20 11:00:00,-4.1701306461958625
2012-06-20 12:00:00,-4.1701306461958625
2012-06-20 13:00:00,-3.9906890595608515
2012-06-20 14:00:00,-3.9906890595608515
2012-06-20 15:00:00,-2.7
2012-06-20 16:00:00,-4.1701306461958625
2012-06-20 17:00:00,-4.1701306461958625
2012-06-20 18:00:00,-4.1701306461958625
2012-06-20 19:00:00,-2.7
2012-06-20 20:00:00,-4.1701306461958625
2012-06-20 21:00:00,-3.6321928094887364
2012-06-20 22:00:00,-3.9906890595608515
2012-06-20 23:00:00,-3.9906890595608515
2012-06-21 00:00:00,-3.9906890595608515
2012-06-21 01:00:00,-4.1701306461958625
2012-06-21 02:00:00,-5.1796841501793605
2012-06-21 03:00:00,-5.1796841501793605
2012-06-21 04:00:00,-4.1701306461958625
2012-06-21 05:00:00,-3.9906890595608515
2012-06-21 06:00:00,-4.1701306461958625
2012-06-21 07:00:00,-4.254496443278923
2012-06-21 08:00:00,-5.1796841501793605
2012-06-21 09:00:00,-3.9906890595608515
2012-06-21 10:00:00,-4.1701306461958625
2012-06-21 11:00:00,-3.9906890595608515
2012-06-21 12:00:00,-5.1796841501793605
2012-06-21 13:00:00,-4.1701306461958625
2012-06-21 14:00:00,-4.1701306461958625
2012-06-21 15:00:00,-3.9906890595608515
2012-06-21 16:00:00,-3.9906890595608515
2012-06-21 17:00:00,-3.771424551766612
2012-06-21 18:00:00,-3.9906890595608515
2012-06-21 19:00:00,-5.1796841501793605
2012-06-21 20:00:00,-5.1796841501793605
2012-06-21 21:00:00,-4.1701306461958625
2012-06-21 22:00:00,-4.1701306461958625
2012-06-21 23:00:00,-3.039231742277876
2012-06-22 00:00:00,-4.1701306461958625
2012-06-22 01:00:00,-5.1796841501793605
2012-06-22 02:00:00,-4.1701306461958625
2012-06-22 03:00:00,-4.1701306461958625
2012-06-22 04:00:00,-4.1701306461958625
2012-06-22 05:00:00,-2.0
2012-06-22 06:00:00,-3.8584962500721156
2012-06-22 07:00:00,-4.254496443278923
2012-06-22 08:00:00,-3.771424551766612
2012-06-22 09:00:00,-4.1701306461958625
2012-06-22 10:00:00,-4.1701306461958625
2012-06-22 11:00:00,-3.9906890595608515
2012-06-22 12:00:00,-5.1796841501793605
2012-06-22 13:00:00,-5.1796841501793605
2012-06-22 14:00:00,-3.9906890595608515
2012-06-22 15:00:00,-4.1701306461958625
2012-06-22 16:00:00,-2.0
2012-06-22 17:00:00,-4.1701306461958625
2012-06-22 18:00:00,-2.1
2012-06-22 19:00:00,-3.771424551766612
2012-06-22 20:00:00,-4.1701306461958625
2012-06-22 21:00:00,-4.1701306461958625
2012-06-22 22:00:00,-3.9906890595608515
2012-06-22 23:00:00,-5.1796841501793605
2012-06-23 00:00:00,-3.9906890595608515
2012-06-23 01:00:00,-4.1701306461958625
2012-06-23 02:00:00,-4.1701306461958625
2012-06-23 03:00:00,-4.1701306461958625
2012-06-23 04:00:00,-3.2
2012-06-23 05:00:00,-3.090689059560852
2012-06-23 06:00:00,-5.1796841501793605
2012-06-23 07:00:00,-4.1701306461958625
2012-06-23 08:00:00,-4.1701306461958625
2012-06-23 09:00:00,-5.1796841501793605
2012-06-23 10:00:00,-4.1701306461958625
2012-06-23 11:00:00,-3.9906890595608515
2012-06-23 12:00:00,-3.9906890595608515
2012-06-23 13:00:00,-4.1701306461958625
2012-06-23 14:00:00,-5.104067500478843
2012-06-23 15:00:00,-4.93264294871223
2012-06-23 16:00:00,-6.3602583453263355
2012-06-23 17:00:00,-5.104067500478843
2012-06-23 18:00:00,-4.83264294871223
2012-06-23 19:00:00,-4.93264294871223
2012-06-23 20:00:00,-5.204067500478843
2012-06-23 21:00:00,-4.83264294871223
2012-06-23 22:00:00,-5.2965487508394204
2012-06-23 23:00:00,-6.3602583453263355
2012-06-24 00:00:00,-5.104067500478843
2012-06-24 01:00:00,-5.104067500478843
2012-06-24 02:00:00,-6.3602583453263355
2012-06-24 03:00:00,-5.104067500478843
2012-06-24 04:00:00,-5.204067500478843
2012-06-24 05:00:00,-5.104067500478843
2012-06-24 06:00:00,-4.83264294871223
2012-06-24 07:00:00,-5.104067500478843
2012-06-24 08:00:00,-5.104067500478843
2012-06-24 09:00:00,-6.3602583453263355
2012-06-24 10:00:00,-4.83264294871223
2012-06-24 11:00:00,-4.83264294871223
2012-06-24 12:00:00,-4.83264294871223
2012-06-24 13:00:00,-5.104067500478843
2012-06-24 14:00:00,-4.83264294871223
2012-06-24 15:00:00,-5.025124199072808
2012-06-24 16:00:00,-2.5
2012-06-24 17:00:00,-5.204067500478843
2012-06-24 18:00:00,-4.83264294871223
2012-06-24 19:00:00,-2.6
2012-06-24 20:00:00,-4.93264294871223
2012-06-24 21:00:00,-4.83264294871223
2012-06-24 22:00:00,-5.025124199072808
2012-06-24 23:00:00,-5.2965487508394204
2012-06-25 00:00:00,-5.025124199072808
2012-06-25 01:00:00,-4.93264294871223
2012-06-25 02:00:00,-3.6339850002884626
2012-06-25 03:00:00,-5.104067500478843
2012-06-25 04:00:00,-4.83264294871223
2012-06-25 05:00:00,-4.83264294871223
2012-06-25 06:00:00,-5.2965487508394204
2012-06-25 07:00:00,-5.104067500478843
2012-06-25 08:00:00,-4.83264294871223
2012-06-25 09:00:00,-3.1
2012-06-25 10:00:00,-4.83264294871223
2012-06-25 11:00:00,-5.204067500478843
2012-06-25 12:00:00,-4.83264294871223
2012-06-25 13:00:00,-4.93264294871223
2012-06-25 14:00:00,-4.83264294871223
2012-06-25 15:00:00,-5.104067500478843
2012-06-25 16:00:00,-4.83264294871223
2012-06-25 17:00:00,-4.83264294871223
2012-06-25 18:00:00,-5.104067500478843
2012-06-25 19:00:00,-4.83264294871223
2012-06-25 20:00:00,-4.93264294871223
2012-06-25 21:00:00,-5.2965487508394204
2012-06-25 22:00:00,-4.83264294871223
2012-06-25 23:00:00,-5.104067500478843
2012-06-26 00:00:00,-4.83264294871223
2012-06-26 01:00:00,-4.93264294871223
2012-06-26 02:00:00,-6.3602583453263355
2012-06-26 03:00:00,-5.104067500478843
2012-06-26 04:00:00,-4.83264294871223
2012-06-26 05:00:00,-5.104067500478843
2012-06-26 06:00:00,-5.104067500478843
2012-06-26 07:00:00,-5.104067500478843
2012-06-26 08:00:00,-5.104067500478843
2012-06-26 09:00:00,-4.93264294871223
2012-06-26 10:00:00,-3.1
2012-06-26 11:00:00,-5.104067500478843
2012-06-26 12:00:00,-3.1
2012-06-26 13:00:00,-5.104067500478843
2012-06-26 14:00:00,-4.83264294871223
2012-06-26 15:00:00,-4.83264294871223
2012-06-26 16:00:00,-4.83264294871223
2012-06-26 17:00:00,-5.104067500478843
2012-06-26 18:00:00,-4.83264294871223
2012-06-26 19:00:00,-6.3602583453263355
2012-06-26 20:00:00,-5.104067500478843
2012-06-26 21:00:00,-4.93264294871223
2012-06-26 22:00:00,-5.104067500478843
2012-06-26 23:00:00,-4.93264294871223
2012-06-27 00:00:00,-4.83264294871223
2012-06-27 01:00:00,-5.204067500478843
2012-06-27 02:00:00,-4.83264294871223
2012-06-27 03:00:00,-6.3602583453263355
2012-06-27 04:00:00,-5.204067500478843
2012-06-27 05:00:00,-6.3602583453263355
2012-06-27 06:00:00,-5.104067500478843
2012-06-27 07:00:00,-5.104067500478843
2012-06-27 08:00:00,-4.93264294871223
2012-06-27 09:00:00,-5.104067500478843
2012-06-27 10:00:00,-5.104067500478843
2012-06-27 11:00:00,-5.104067500478843
2012-06-27 12:00:00,-6.3602583453263355
2012-06-27 13:00:00,-5.2965487508394204
2012-06-27 14:00:00,-4.93264294871223
2012-06-27 15:00:00,-5.204067500478843
2012-06-27 16:00:00,-4.93264294871223
2012-06-27 17:00:00,-5.204067500478843
2012-06-27 18:00:00,-5.104067500478843
2012-06-27 19:00:00,-5.204067500478843
2012-06-27 20:00:00,-3.6088788238716907
2012-06-27 21:00:00,-4.83264294871223
2012-06-27 22:00:00,-6.3602583453263355
2012-06-27 23:00:00,-5.025124199072808
