dataset,model,latent_dim,PR-AUC,ROC-AUC,Max F1,Max F1 Precision,Max F1 Recall,runtime,subsample,lr,PR-AUC_std,ROC-AUC_std,Max F1_std,Max F1 Precision_std,Max F1 Recall_std,runtime_std,subsample_std,lr_std
covertype,AE,0.1,0.5615888592329658,0.9646833221941342,0.5724177020305279,0.6410602111024246,0.5188191881918819,3.9979758262634277,50000.0,0.02,0.26110791825539253,0.03484652609357123,0.19094558409077222,0.23482454045177711,0.1601524902751685,0.05947891181662335,0.0,0.0
covertype,AE,0.2,0.7479044762929689,0.9836804838993434,0.7273444571564801,0.7499795996227754,0.7066420664206643,3.9812494277954102,50000.0,0.02,0.07977360029673444,0.003486880565642215,0.06089528554825875,0.07274478258921221,0.054059355439053915,0.032436294474540474,0.0,0.0
covertype,AE,0.30000000000000004,0.7172762414267273,0.9844210056197371,0.6926914490933418,0.7368830130514678,0.6560885608856089,3.964091968536377,50000.0,0.02,0.2360436220722845,0.019188095243376755,0.1923939176009985,0.19308063428287475,0.19534380621160374,0.04873920809686131,0.0,0.0
covertype,AE,0.4,0.6532387543413068,0.9840779436546034,0.636487511178859,0.6556910963892788,0.6206642066420665,3.9663097858428955,50000.0,0.02,0.11071617398862303,0.008478454825107992,0.1036589793778613,0.11529934198171175,0.10143071783380805,0.020629424445154573,0.0,0.0
covertype,AE,0.5,0.7604112763387203,0.9898704316413539,0.7174449295913853,0.7521795676771951,0.6896678966789668,4.045196962356568,50000.0,0.02,0.1095665703889738,0.0067395230685579986,0.1115345960648849,0.10470416214721788,0.12484518810255049,0.02515333641270684,0.0,0.0
covertype,AE,0.6,0.6837448916600197,0.9859336909516129,0.6821866417759124,0.7017568457431685,0.6682656826568266,4.034076833724976,50000.0,0.02,0.13248626734141558,0.007474687650397055,0.10162051556722342,0.13136034273448058,0.09537514106118535,0.04632243099517229,0.0,0.0
covertype,AE,0.7000000000000001,0.6957546225505586,0.9894798807262608,0.666618524454561,0.6706345162950118,0.666420664206642,4.007716369628906,50000.0,0.02,0.14630644397099402,0.007508611158975114,0.12704871576472584,0.15743376194883923,0.1011349518319301,0.0172495223650915,0.0,0.0
covertype,AE,0.8,0.7493891341409149,0.9909291106740984,0.71239546556135,0.7459612316755423,0.6881918819188192,4.024459552764893,50000.0,0.02,0.040456764655098613,0.004079804732488355,0.04776471378713576,0.059678338296000145,0.08121225489695115,0.034083809368051214,0.0,0.0
covertype,AE,0.9,0.670727375738492,0.9864491307171959,0.6596560904860516,0.6975424926772362,0.6317343173431734,4.009146213531494,50000.0,0.02,0.1769821515255046,0.009248559655870325,0.14219330837752553,0.1795552103734628,0.11855302406511956,0.004906812154180698,0.0,0.0
covertype,AE,1.0,0.7556099414325714,0.9935745398943739,0.7153248537098376,0.6996577994028008,0.7346863468634687,4.021023988723755,50000.0,0.02,0.040507434216565795,0.001024552784662239,0.04658408143504598,0.06015193337676144,0.05740943233937127,0.024862688324509122,0.0,0.0
covertype,AE,1.1,0.756232803951393,0.9934110928516782,0.7276652664165282,0.7398543640972692,0.7169741697416974,4.053779220581054,50000.0,0.02,0.11578577796656381,0.003874617515651139,0.10210046600829494,0.12429462759997205,0.07988738141431344,0.029401800261462593,0.0,0.0
covertype,AE,1.2000000000000002,0.7064655564998674,0.9909385263936347,0.6788613332798581,0.681000668274472,0.6789667896678967,4.021938228607178,50000.0,0.02,0.10238874857628341,0.004255126144343835,0.0997101492329743,0.11004189390850806,0.09925444764806471,0.028036355353196145,0.0,0.0
covertype,AE,1.3000000000000003,0.7519157578917038,0.9931492209499313,0.7097178408357314,0.7200255607958728,0.7025830258302583,4.0370481491088865,50000.0,0.02,0.038961691444026884,0.0015558336859054867,0.0402310656312241,0.038735901651054845,0.06532772379551542,0.02673068993791252,0.0,0.0
covertype,AE,1.4000000000000001,0.7182664165928296,0.9919020932293515,0.6898637977882933,0.7066964392279966,0.6793357933579336,4.050293016433716,50000.0,0.02,0.1265371547958267,0.003970272285003281,0.09701176026845001,0.13525626841882005,0.07505166768295798,0.017410818195312403,0.0,0.0
covertype,AE,1.5000000000000002,0.7423337175593284,0.9923619638355792,0.7195359723812459,0.7452300890746546,0.6974169741697417,4.032747650146485,50000.0,0.02,0.10416255738202979,0.0043804195293575595,0.08296797080521702,0.09957854608745928,0.07551063442686763,0.035642139942702454,0.0,0.0
covertype,AE,1.6,0.6818845394833795,0.9903802756940587,0.6736851511476709,0.713667136323257,0.6439114391143912,4.086662530899048,50000.0,0.02,0.06587245404262487,0.0036649998092171585,0.0558299037659902,0.08707777934139621,0.07151678023363212,0.026256338417987173,0.0,0.0
covertype,AE,1.7000000000000002,0.6900939507546754,0.9900059896510648,0.6769643706259278,0.6791497533362728,0.6763837638376383,4.086218786239624,50000.0,0.02,0.13683088649931388,0.004292791244364774,0.12227869889868723,0.1239240974482204,0.1251937130020839,0.031682652609240865,0.0,0.0
covertype,AE,1.8000000000000003,0.6770693535955417,0.989155165238417,0.6483466823959231,0.6792426207345663,0.62619926199262,4.084599447250366,50000.0,0.02,0.08721031543845197,0.00477244589042383,0.07493318619398366,0.09342808315161578,0.0833695223319051,0.02401100993147484,0.0,0.0
covertype,AE,1.9000000000000001,0.6711526788763893,0.9892130771362305,0.6580268666879311,0.6785648648418076,0.6416974169741698,4.08468713760376,50000.0,0.02,0.11770287947937891,0.006696746315007168,0.09506467872969974,0.12471107655607352,0.07309859718259894,0.035047027042795754,0.0,0.0
covertype,AE,2.0,0.6977193236668389,0.9914851827761272,0.6727931712366868,0.6974878363457213,0.6531365313653137,4.0763873100280765,50000.0,0.02,0.09298179731021046,0.005040048850525683,0.06778523498875785,0.08756132018961793,0.07214470404434373,0.020760495000916142,0.0,0.0
covertype,DAE,0.1,0.7165202922243572,0.9814890162124963,0.673741035975937,0.7354320770710738,0.6247232472324724,6.476695346832275,50000.0,0.02,0.06767498654879499,0.014543504483171049,0.06633785049004323,0.0867169875884731,0.06752112161450943,0.027039848571953004,0.0,0.0
covertype,DAE,0.2,0.7658558039780405,0.9905988517000297,0.7343013958487978,0.7869791653286664,0.6907749077490775,6.497500658035278,50000.0,0.02,0.11661668006097588,0.0038511774160667504,0.10145217215854907,0.1287279275791692,0.08634804616466973,0.02890934163431798,0.0,0.0
covertype,DAE,0.30000000000000004,0.8220100240095414,0.9922247494948564,0.7935518796814391,0.8384172561835621,0.755350553505535,6.494176006317138,50000.0,0.02,0.0560101215763958,0.004829024964386437,0.04926858510331635,0.040831125423119854,0.06736970614150138,0.018698615819772196,0.0,0.0
covertype,DAE,0.4,0.7845389014423283,0.9935977658332934,0.7389940323539819,0.7752660330903913,0.7132841328413284,6.503313159942627,50000.0,0.02,0.043555042824301324,0.003066532417013698,0.04314439700773056,0.08547329305408996,0.06205683284800277,0.021585750015580368,0.0,0.0
covertype,DAE,0.5,0.7699545802561873,0.9932760347256512,0.7379270373060661,0.7381775614306596,0.7435424354243543,6.50385103225708,50000.0,0.02,0.10022822790049071,0.003985410976810357,0.07842719876379095,0.11166080091277475,0.07177809470083729,0.07405197689076139,0.0,0.0
covertype,DAE,0.6,0.8118256746754685,0.9956875631476197,0.7688481806247556,0.8192953857516126,0.7284132841328413,6.526133012771607,50000.0,0.02,0.06466848140046826,0.0020306704999096346,0.06504076808160611,0.060296896845043434,0.08708213454954368,0.0433977580713016,0.0,0.0
covertype,DAE,0.7000000000000001,0.7950671507687778,0.9954785073144921,0.734877347063928,0.7502812813899317,0.7309963099630996,6.5290367126464846,50000.0,0.02,0.06694166566095285,0.0022943048167257934,0.05772787488087027,0.07607119808485155,0.10193956518427887,0.042710216778819164,0.0,0.0
covertype,DAE,0.8,0.8829074622454218,0.9978908415191153,0.8184926304523288,0.811375082539751,0.8273062730627305,6.479603099822998,50000.0,0.02,0.04052318902768137,0.0010731556154382938,0.032450332822802824,0.03344421388002754,0.05095725858584223,0.04569359581443834,0.0,0.0
covertype,DAE,0.9,0.8048247758161354,0.9963276231694745,0.7540473983235926,0.7595214405744094,0.7512915129151292,6.501539182662964,50000.0,0.02,0.038581390108986834,0.0012083502106674288,0.02693814303954751,0.04442545653493092,0.043921515790078074,0.022480582202935265,0.0,0.0
covertype,DAE,1.0,0.8765279860235433,0.9979090089335928,0.8197029071090627,0.843997810272025,0.7977859778597786,6.481023120880127,50000.0,0.02,0.04295437838434316,0.0009128680854445887,0.05114924915806961,0.05651537068118391,0.05537514828724449,0.021479564363805874,0.0,0.0
covertype,DAE,1.1,0.9047699083107729,0.9987091585704162,0.8483419325173049,0.8432795819461936,0.8542435424354243,6.5310135841369625,50000.0,0.02,0.018263793062642836,0.000510588431739163,0.016816903449216058,0.033237884852713076,0.016502346697415415,0.03470066978026034,0.0,0.0
covertype,DAE,1.2000000000000002,0.8487338025106613,0.9975432283741739,0.7947566482256135,0.7957193109826338,0.7948339483394834,6.492776107788086,50000.0,0.02,0.05760219530283826,0.0013012342904683758,0.061234344795694985,0.0550955206742668,0.0731335152285608,0.031124776941757974,0.0,0.0
covertype,DAE,1.3000000000000003,0.8594269102375055,0.9978556631374879,0.7933025657041254,0.7729451891077627,0.8177121771217711,6.535389757156372,50000.0,0.02,0.04273000084036063,0.0008770252336040318,0.032688493288032375,0.048749907594136624,0.051087358177951604,0.05632850340392794,0.0,0.0
covertype,DAE,1.4000000000000001,0.8852964953125928,0.998365201291222,0.8163468924031889,0.7930674005889896,0.8431734317343175,6.502987337112427,50000.0,0.02,0.026471759353409688,0.00033068440256859015,0.021822912447189702,0.016449808571179846,0.05473209215568756,0.012775697314306346,0.0,0.0
covertype,DAE,1.5000000000000002,0.8665058880858613,0.9981044410711,0.8058559659885776,0.8125031162692071,0.8003690036900369,6.56154613494873,50000.0,0.02,0.04131134184094209,0.0006192848099069957,0.03876007278897312,0.05470803594598183,0.03347577396322278,0.06672133003597872,0.0,0.0
covertype,DAE,1.6,0.8700011425882384,0.9982470795228394,0.8147767630603127,0.7846238896533231,0.852029520295203,6.508342313766479,50000.0,0.02,0.041946226816941955,0.0005708785412434502,0.03968254198111438,0.03864911546792222,0.07713192256500961,0.032197532735074766,0.0,0.0
covertype,DAE,1.7000000000000002,0.8444010429549476,0.9978897522203415,0.7971838923892487,0.7770129942533116,0.8195571955719558,6.546781969070435,50000.0,0.02,0.019668489964091682,0.00026887776516973323,0.021823663587424335,0.030738138378799733,0.03395535784984805,0.04449297870727382,0.0,0.0
covertype,DAE,1.8000000000000003,0.8819905903388678,0.9983414680076681,0.8220895183311979,0.8187049184734747,0.8276752767527675,6.569375991821289,50000.0,0.02,0.031404334004506186,0.0008269174167897825,0.034130613517423095,0.027405638477425446,0.06202939956217084,0.04585675122492367,0.0,0.0
covertype,DAE,1.9000000000000001,0.8379219382891258,0.9980342633706576,0.7960030527600993,0.7700215368952139,0.8265682656826568,6.541032886505127,50000.0,0.02,0.06961066001759364,0.0007432934152857853,0.03081249440892302,0.05240273233239833,0.040062824263115235,0.02434562470556748,0.0,0.0
covertype,DAE,2.0,0.8473014702598926,0.9977509039314583,0.7973126038047792,0.7658505772620975,0.8317343173431734,6.541789579391479,50000.0,0.02,0.041096352325375764,0.0006324165018668994,0.03474878160486406,0.03800982846335759,0.0341552733708475,0.054121630857474304,0.0,0.0
covertype,PW-AE,0.1,0.4681543325010013,0.9572483805633883,0.48013311332514663,0.5841710639841421,0.41697416974169743,7.224249219894409,50000.0,0.02,0.07661908604842303,0.004634042558373983,0.0746825774731682,0.14223851024198567,0.0626899151587897,0.025108386379279476,0.0,0.0
covertype,PW-AE,0.2,0.6196061491092805,0.9714548286450959,0.6189341566231619,0.6837964954884225,0.570479704797048,7.262880325317383,50000.0,0.02,0.11392844887242697,0.012987200892407702,0.10564982617877766,0.1095353605362758,0.11460965916390267,0.018903001572489007,0.0,0.0
covertype,PW-AE,0.30000000000000004,0.6228641182838784,0.9721400274175009,0.6122060250746841,0.7347010252116668,0.5265682656826568,7.2581075668334964,50000.0,0.02,0.15952275690619003,0.021999530891241136,0.13611338469738693,0.1254400403159905,0.1364727609339207,0.039533584082980716,0.0,0.0
covertype,PW-AE,0.4,0.5906578316232247,0.9768540797745718,0.5889765021109422,0.6499947046463826,0.5424354243542435,7.247583627700806,50000.0,0.02,0.1586438482249411,0.013119047580812946,0.09917871741690777,0.14049869105121984,0.07841871046993877,0.02934403987333399,0.0,0.0
covertype,PW-AE,0.5,0.4959946756288141,0.9659518404598094,0.5042648221530811,0.5783382727518396,0.45535055350553505,7.232219171524048,50000.0,0.02,0.18106547936028014,0.022669124570428665,0.14230442232957935,0.19452871532803803,0.12855291005209127,0.04403409275159483,0.0,0.0
covertype,PW-AE,0.6,0.5960330900562013,0.9764770555627429,0.6019155770927791,0.6574708870446346,0.559040590405904,7.2496884822845455,50000.0,0.02,0.20548453701261538,0.01715270490906666,0.1660010429627732,0.1614513529543982,0.17533986045893532,0.040785655976837386,0.0,0.0
covertype,PW-AE,0.7000000000000001,0.5786552382784965,0.9744358514190503,0.5648929611961533,0.6019305379552223,0.5365313653136531,7.232585144042969,50000.0,0.02,0.2232969843917654,0.027908279192854466,0.19258787127696642,0.22726989426400399,0.1757296537515398,0.041552679611650656,0.0,0.0
covertype,PW-AE,0.8,0.6487655325574506,0.9844274891857253,0.6357040142750845,0.6982340814121781,0.5929889298892989,7.233130216598511,50000.0,0.02,0.23961915217986426,0.013814290582990019,0.19284215722308964,0.22754025053748375,0.16722423223349098,0.030652032543555682,0.0,0.0
covertype,PW-AE,0.9,0.586070225206613,0.9762376560439145,0.578214489980984,0.6265678698640228,0.5376383763837638,7.22353892326355,50000.0,0.02,0.2042553067695389,0.021892873937131147,0.18730182119833771,0.20309476133082724,0.1763831848560029,0.01653979543035638,0.0,0.0
covertype,PW-AE,1.0,0.7148833797773438,0.9882273587384667,0.692051440757688,0.7758935185867224,0.6254612546125461,7.269846630096436,50000.0,0.02,0.09005734073212752,0.004431115468842585,0.07935050582515234,0.07699322695478253,0.08235687867404293,0.06615227907156374,0.0,0.0
covertype,PW-AE,1.1,0.7053642565872149,0.9865691475670065,0.6895649025676699,0.7749354113275491,0.6243542435424354,7.2640331268310545,50000.0,0.02,0.12176571635294785,0.006682761444847751,0.0947232940833873,0.05799670198591735,0.11742060384824037,0.053723066708706954,0.0,0.0
covertype,PW-AE,1.2000000000000002,0.6136354936455655,0.9830718717838641,0.596425384196296,0.6421146338733486,0.5623616236162362,7.249344444274902,50000.0,0.02,0.1813920461401568,0.010821678988139244,0.16202587603627136,0.14344959674013907,0.1812837428663204,0.03307786232121225,0.0,0.0
covertype,PW-AE,1.3000000000000003,0.5721790250006926,0.9790320580629075,0.5764642590950748,0.6256658290805931,0.540590405904059,7.255292654037476,50000.0,0.02,0.19436058465922196,0.013964488607171588,0.16611344903014635,0.18576128600218988,0.17027231359007325,0.023346236903931547,0.0,0.0
covertype,PW-AE,1.4000000000000001,0.7748976969731137,0.9922450358192773,0.7281211822571547,0.7647366716603153,0.6970479704797048,7.324892139434814,50000.0,0.02,0.05483607893995597,0.0038424609425856317,0.05670736867283548,0.03409668816063059,0.08042672238445765,0.06252122258902536,0.0,0.0
covertype,PW-AE,1.5000000000000002,0.7618541065135271,0.9887814536886118,0.7403298010466388,0.7850706333466271,0.7014760147601476,7.315047788619995,50000.0,0.02,0.17194132383985436,0.014878664156424967,0.1421878397303268,0.13769522486422653,0.14697398908449488,0.03534971855715253,0.0,0.0
covertype,PW-AE,1.6,0.5321236603024946,0.9717616154688782,0.5560630747796573,0.6060186010543742,0.5180811808118081,7.259367942810059,50000.0,0.02,0.240921624454097,0.023874369316481604,0.19655666035956873,0.2336147073584499,0.16397533358103492,0.04506145300275291,0.0,0.0
covertype,PW-AE,1.7000000000000002,0.7829196419711295,0.9921468422496915,0.7441899588398105,0.8241294558019454,0.6808118081180812,7.3253576278686525,50000.0,0.02,0.12027349841241455,0.006361927873323527,0.0954770308786741,0.09430290309925483,0.10341159710399463,0.06800523467314472,0.0,0.0
covertype,PW-AE,1.8000000000000003,0.6689990547657145,0.9854506690159708,0.6464697790411804,0.6817518688917852,0.6199261992619925,7.350638389587402,50000.0,0.02,0.20252668463893234,0.015231663870782175,0.1625633388028733,0.1872326737208307,0.1483319103646023,0.0658534159246494,0.0,0.0
covertype,PW-AE,1.9000000000000001,0.6138499636812891,0.9826356076250317,0.6137234641401434,0.6613622563216728,0.5749077490774908,7.264223527908325,50000.0,0.02,0.1720007756375639,0.013095201177868773,0.13256629795775882,0.12643273961764553,0.13955585887846972,0.026510940921127008,0.0,0.0
covertype,PW-AE,2.0,0.7253784951099767,0.9910083608903542,0.6894267037172757,0.7632597512415601,0.6339483394833948,7.287293004989624,50000.0,0.02,0.10812695578301551,0.006339398528993738,0.09494044968198007,0.047134643106038925,0.1283223264410469,0.02442992765478744,0.0,0.0
creditcard,AE,0.1,0.44236243692256066,0.9711774419850325,0.5492661677040712,0.6018982039434325,0.5054054054054055,4.578475093841552,50000.0,0.02,0.019567003392032076,0.0016175045079185107,0.00963735294258065,0.021373363747231575,0.008809732980003558,0.013995307124396417,0.0,0.0
creditcard,AE,0.2,0.4490599128818512,0.9708688528856225,0.5505783825795059,0.6070982844322266,0.504054054054054,4.601740312576294,50000.0,0.02,0.017380007744481674,0.0011081437994827589,0.0058321272824246075,0.01768246635495692,0.010247128978448051,0.02139800621690723,0.0,0.0
creditcard,AE,0.30000000000000004,0.4481350390149622,0.9711244201756116,0.545405707868307,0.5834563343575903,0.5121621621621621,4.568541574478149,50000.0,0.02,0.014680625839195341,0.0019128688462009174,0.00860581918165139,0.01772960042956891,0.003021713483107793,0.024209255165285264,0.0,0.0
creditcard,AE,0.4,0.45411340930228167,0.9703730881246327,0.5516827150925326,0.5985066611848443,0.5121621621621621,4.578352737426758,50000.0,0.02,0.007808433780191121,0.0012510148776899786,0.005730205431087955,0.018599425910015618,0.012996881122750924,0.03442575528105073,0.0,0.0
creditcard,AE,0.5,0.4524017685143614,0.9705417224172741,0.546050800487806,0.6040099701908236,0.49864864864864866,4.582704782485962,50000.0,0.02,0.00645820047260971,0.0012429532552630789,0.01263454275341784,0.02852146859720682,0.005653108287392422,0.025777242147401222,0.0,0.0
creditcard,AE,0.6,0.45614847246616597,0.9699787858547788,0.5462020390656618,0.5946486667047187,0.5067567567567568,4.860125303268433,50000.0,0.02,0.018927699665573065,0.0017409238135397674,0.017687149070923412,0.04348981512515304,0.019699161806909813,0.2148390373188342,0.0,0.0
creditcard,AE,0.7000000000000001,0.45105004246807157,0.9711299771648404,0.5497018573490425,0.591152517902638,0.5148648648648649,4.636546993255616,50000.0,0.02,0.025770665724117438,0.0014787536159606813,0.014651842371552919,0.037561502472930615,0.012996881122750905,0.024228121108048947,0.0,0.0
creditcard,AE,0.8,0.4469412507938947,0.9708511247346199,0.53888408192268,0.5726822665638455,0.5108108108108108,4.600515985488892,50000.0,0.02,0.012715982450913437,0.002223015378374201,0.007490218997275354,0.031805738834348646,0.024641327741635768,0.025640876554448164,0.0,0.0
creditcard,AE,0.9,0.4515693087820246,0.9717614137848031,0.539928882310881,0.5877037163086005,0.5027027027027027,4.646032762527466,50000.0,0.02,0.005357762005239391,0.0009311087310803555,0.010085611531431579,0.04442787828859755,0.031547614945753394,0.02174796510520199,0.0,0.0
creditcard,AE,1.0,0.4622356090185451,0.9711255044661928,0.5521182124400754,0.5888800454067681,0.5202702702702703,4.6630534648895265,50000.0,0.02,0.012020563282038859,0.002395360349416478,0.009917385604816862,0.025537159690833453,0.009555497043061445,0.07181131690421236,0.0,0.0
creditcard,AE,1.1,0.44423126103253774,0.9704532714131127,0.5365909698511452,0.5737135583800642,0.5054054054054055,4.659018564224243,50000.0,0.02,0.023948018409494887,0.0030735450596566724,0.013664481123742668,0.030133598969038583,0.023600336752125608,0.06479616685342546,0.0,0.0
creditcard,AE,1.2000000000000002,0.4512504073931568,0.9699784063530753,0.5435521715279824,0.5660751408447282,0.522972972972973,4.653988218307495,50000.0,0.02,0.01808992338625721,0.0017465989080124346,0.007617627914450813,0.013481370338539082,0.010247128978448,0.02155947015456411,0.0,0.0
creditcard,AE,1.3000000000000003,0.459281845452095,0.9710344240573721,0.5512869912604479,0.5851352343013868,0.522972972972973,4.677359533309937,50000.0,0.02,0.01464499400218353,0.0024583729322059937,0.011985208860250207,0.04169028466601767,0.014011109022518748,0.03703733103604149,0.0,0.0
creditcard,AE,1.4000000000000001,0.46179613467571823,0.9717014525156626,0.5527985169772321,0.6046787166310094,0.5094594594594595,4.684700918197632,50000.0,0.02,0.006329215062130331,0.0019323259977706228,0.01143203967606878,0.019462078304549605,0.014011109022518706,0.0075794796659722,0.0,0.0
creditcard,AE,1.5000000000000002,0.4578262559642419,0.9723149170192418,0.5486820617730708,0.5848683368102952,0.518918918918919,4.681093835830689,50000.0,0.02,0.02170117003778333,0.002793295728452564,0.014202177680292477,0.046578226403126054,0.015407776014853205,0.06607721415727764,0.0,0.0
creditcard,AE,1.6,0.4453462529995251,0.9707912718945375,0.5370511363876322,0.5400406020690534,0.5351351351351351,4.67352294921875,50000.0,0.02,0.02114419696152195,0.0022996122888522944,0.017937680965986927,0.03699777230989178,0.005653108287392441,0.01554235192539688,0.0,0.0
creditcard,AE,1.7000000000000002,0.4482572346822259,0.9701312100032313,0.5431216336454949,0.5627917842668982,0.5256756756756756,4.730926418304444,50000.0,0.02,0.011078255742847994,0.0016302973862561533,0.010602192946904478,0.02872414902651049,0.011102484273753347,0.10543592582016113,0.0,0.0
creditcard,AE,1.8000000000000003,0.4578302414331172,0.9707087573813082,0.5366693960189797,0.5429199591436745,0.5310810810810811,4.714104843139649,50000.0,0.02,0.010049081649595434,0.0025103753750016014,0.00798241503153616,0.021482643559941818,0.006043426966215667,0.05885114510334176,0.0,0.0
creditcard,AE,1.9000000000000001,0.4652797865226258,0.970301660482596,0.5414686618300042,0.5804037634316465,0.5094594594594595,4.725665521621704,50000.0,0.02,0.017916285984562037,0.0014976428868253226,0.00755654058270879,0.0371525387527678,0.021151994381754743,0.012127420529180484,0.0,0.0
creditcard,AE,2.0,0.45317385726290904,0.9701097139424588,0.5476447574849714,0.5791020834652677,0.5216216216216216,4.6984411716461185,50000.0,0.02,0.020767593452808323,0.0014843540043306025,0.010149671209551575,0.03763767671456649,0.02360033675212567,0.035734150262466735,0.0,0.0
creditcard,DAE,0.1,0.4500315836449914,0.971579551147071,0.5497591567897931,0.6169370348723943,0.495945945945946,7.085528469085693,50000.0,0.02,0.024223755999860062,0.0017066376266238923,0.012879788425474725,0.014465415199133354,0.015555222207055873,0.03162539131371511,0.0,0.0
creditcard,DAE,0.2,0.44595716866947405,0.9720924476992439,0.545265814098482,0.5756039299484359,0.518918918918919,7.077525424957275,50000.0,0.02,0.015341803361228633,0.0013807594374858985,0.00840394616909711,0.028712018659494312,0.011102484273753368,0.03768616343175412,0.0,0.0
creditcard,DAE,0.30000000000000004,0.47106967722179893,0.9718462324155176,0.5549471464288213,0.6158209029974806,0.5054054054054055,7.094465065002441,50000.0,0.02,0.01815474886196148,0.0022851020147655245,0.0077535780565781845,0.02052823066509738,0.010021889847426555,0.04855472140838897,0.0,0.0
creditcard,DAE,0.4,0.47900855285548705,0.9726242922293231,0.5563472918293896,0.5983635214669177,0.5202702702702703,7.088705587387085,50000.0,0.02,0.008667438572430866,0.0016256528271990241,0.006947549954890039,0.016418623485209158,0.013513513513513481,0.05962169501422129,0.0,0.0
creditcard,DAE,0.5,0.4746519496165667,0.9729380588162583,0.5558188866863165,0.593975848328429,0.522972972972973,7.076323413848877,50000.0,0.02,0.010709599448110558,0.0009216508538085286,0.011396686759270991,0.028812281148449952,0.010247128978448008,0.048999009058471356,0.0,0.0
creditcard,DAE,0.6,0.4892786780233111,0.9719264699185264,0.5654052469816062,0.6121464435196097,0.5256756756756756,7.166265916824341,50000.0,0.02,0.011887280628545977,0.0022680088783698913,0.011782664821802246,0.019179337995582364,0.015407776014853219,0.17388627474569804,0.0,0.0
creditcard,DAE,0.7000000000000001,0.48691480989608005,0.9725355701525163,0.5616537250048924,0.5944177798904036,0.5324324324324324,7.121881008148193,50000.0,0.02,0.006493769245478112,0.000413780621689335,0.004415471183667336,0.00907613883140966,0.007401656182502293,0.03595697578536124,0.0,0.0
creditcard,DAE,0.8,0.48520484082532506,0.973431926068731,0.5578914091210889,0.5949210416730295,0.5256756756756756,7.123959016799927,50000.0,0.02,0.0040319003254127754,0.0009408400418499879,0.01109567057614563,0.02628029752069025,0.00565310828739237,0.061320035254081334,0.0,0.0
creditcard,DAE,0.9,0.4864526906573112,0.9709100559277081,0.5608476116366443,0.6336454307497469,0.5094594594594595,7.132259893417358,50000.0,0.02,0.014557574652071041,0.0013030172755266304,0.013163886538040605,0.06260072608187811,0.046958244199713645,0.03522234818145809,0.0,0.0
creditcard,DAE,1.0,0.4901155039780331,0.9723707850914384,0.5539601714246287,0.5900577868155242,0.522972972972973,7.194286727905274,50000.0,0.02,0.012297811244162805,0.0011927269821332559,0.013641720626346332,0.03461537524177324,0.009065140449323482,0.1426128770523217,0.0,0.0
creditcard,DAE,1.1,0.488656344819128,0.9727897549720146,0.5575670788708585,0.6315282663421302,0.504054054054054,7.161330270767212,50000.0,0.02,0.010750880362746502,0.0012574908430968733,0.009682133076981432,0.05569585954196776,0.040427771085544836,0.05009093028262527,0.0,0.0
creditcard,DAE,1.2000000000000002,0.4924521760460115,0.9722157044310619,0.5552744515238873,0.6027229353113018,0.5162162162162162,7.206520652770996,50000.0,0.02,0.017293186040236296,0.0018555478206960946,0.010953354916611912,0.03192253799052016,0.021684873697136748,0.03267494680454814,0.0,0.0
creditcard,DAE,1.3000000000000003,0.5005481925027283,0.9721538185461398,0.5642163017731479,0.6280039949336342,0.5162162162162163,10.775363969802857,50000.0,0.02,0.019372267470048735,0.0020068166959953627,0.01696813186049327,0.06351790975145223,0.02890439140028032,7.869719778418714,0.0,0.0
creditcard,DAE,1.4000000000000001,0.4855975920852412,0.9734230077787007,0.5564501600440088,0.6493575674762397,0.4918918918918919,7.226581954956055,50000.0,0.02,0.006671664274355127,0.002142253910181351,0.00367755939184145,0.06480948437551305,0.03713143692982184,0.054294016984399084,0.0,0.0
creditcard,DAE,1.5000000000000002,0.48599141190411055,0.9734882278571598,0.5590271473229781,0.7133832635035522,0.4648648648648649,12.633964252471923,50000.0,0.02,0.019999012918810174,0.0011132959259959182,0.01215450898458994,0.06769138781669687,0.04440993709501347,12.01446665907672,0.0,0.0
creditcard,DAE,1.6,0.48714274755659825,0.9719408096614629,0.55804005803047,0.6331461523444344,0.504054054054054,7.24864764213562,50000.0,0.02,0.017275995742184316,0.001448394612223896,0.013958509375437718,0.07885510970012938,0.02850678798612019,0.057413352293597876,0.0,0.0
creditcard,DAE,1.7000000000000002,0.49485106510187216,0.9730519635418136,0.5553021680318823,0.6521502504248378,0.4905405405405405,7.2440753936767575,50000.0,0.02,0.006714392694994971,0.00030333919853624806,0.008672952619786222,0.07784567498598835,0.04420385738863814,0.03969701970226917,0.0,0.0
creditcard,DAE,1.8000000000000003,0.48980680646628316,0.9731568144410156,0.5608393861141578,0.6557833431395121,0.49459459459459454,7.28992919921875,50000.0,0.02,0.019938124089465995,0.0012021164615938203,0.008015809447959791,0.06261798718078074,0.03619755469183477,0.05512644847957262,0.0,0.0
creditcard,DAE,1.9000000000000001,0.4920301375120283,0.970031726342406,0.5571239567595371,0.6542496763474168,0.495945945945946,7.322080802917481,50000.0,0.02,0.008731084144674852,0.0022068450428974077,0.008731619701988038,0.10549066788487658,0.046223328044559635,0.04693368072141939,0.0,0.0
creditcard,DAE,2.0,0.5026158510567051,0.9723368739035111,0.5600510267277553,0.6748202981756247,0.4864864864864865,7.258773994445801,50000.0,0.02,0.017546025279562602,0.0009875818710251133,0.010626229394255981,0.08566401244626096,0.047055365801297676,0.021836663249178438,0.0,0.0
creditcard,PW-AE,0.1,0.3987908353977937,0.9630615269847397,0.5351418737700326,0.5834743651430099,0.49459459459459465,7.847905826568604,50000.0,0.02,0.01709523498242107,0.004947385121846541,0.010926326065975158,0.022035406207388065,0.012086853932431304,0.025194294721267062,0.0,0.0
creditcard,PW-AE,0.2,0.4106850953667406,0.9649090768133133,0.5364554634066068,0.587163701905786,0.49459459459459454,7.8675600528717045,50000.0,0.02,0.025069914370916855,0.0060183088012829376,0.015562035350360149,0.03266997755835318,0.01464829958694513,0.02284800661750064,0.0,0.0
creditcard,PW-AE,0.30000000000000004,0.44106258039205837,0.9697031320817728,0.5557069710848395,0.6214615240046648,0.5027027027027027,7.894734144210815,50000.0,0.02,0.02145849211638371,0.0011915110764797502,0.012893273649916133,0.021566068741741037,0.01024712897844803,0.10410327547117113,0.0,0.0
creditcard,PW-AE,0.4,0.45590567319788605,0.9716414912465222,0.562329905408381,0.6320734553562521,0.5067567567567568,7.878602361679077,50000.0,0.02,0.02037178547589448,0.0010102286269933194,0.011543268106696411,0.02509903653571574,0.008275303185078296,0.039226559673241526,0.0,0.0
creditcard,PW-AE,0.5,0.44931064010242006,0.9695561836007556,0.5650851368536763,0.6366459301227856,0.5094594594594595,7.914020824432373,50000.0,0.02,0.017210204661590872,0.0019265339404003555,0.013768530486734328,0.04400446223413669,0.015555222207055863,0.02670348025047313,0.0,0.0
creditcard,PW-AE,0.6,0.4389547178117307,0.9703764223181699,0.5521996285320862,0.6158751867601425,0.5027027027027027,7.9044928550720215,50000.0,0.02,0.017694413012679048,0.002201994897651098,0.00908835003795824,0.04499866992910817,0.020605338759428233,0.02860094327475463,0.0,0.0
creditcard,PW-AE,0.7000000000000001,0.46598291778474604,0.9713822102612923,0.5631387004459995,0.6221387398131585,0.5148648648648648,7.922245931625366,50000.0,0.02,0.023660979248159755,0.0018917388936222238,0.011955418626823665,0.019419468282900743,0.01813028089864694,0.031427215729129376,0.0,0.0
creditcard,PW-AE,0.8,0.4579352779258355,0.9718686501232838,0.5566846457303674,0.6224145300493076,0.504054054054054,7.911528444290161,50000.0,0.02,0.013125495786138726,0.0017083689442071402,0.007770448802068451,0.01861695138325571,0.015555222207055842,0.03207596921727085,0.0,0.0
creditcard,PW-AE,0.9,0.47313151947695076,0.9725261097171953,0.5682866336530223,0.6394662399747146,0.5121621621621621,7.927177476882934,50000.0,0.02,0.009121648533507222,0.0019666237866247036,0.00402148210867628,0.0265132444966519,0.012996881122750947,0.03615358986392585,0.0,0.0
creditcard,PW-AE,1.0,0.4613005290244751,0.9712822657769701,0.5584779694141407,0.607567480148439,0.5175675675675675,7.9619818210601805,50000.0,0.02,0.016869824363583072,0.003490792324210298,0.006984687773820277,0.02829301212150887,0.01024712897844806,0.039531802622900736,0.0,0.0
creditcard,PW-AE,1.1,0.46597972505558366,0.9725199834754115,0.5517114890057412,0.5993425909924792,0.5135135135135135,7.949469423294067,50000.0,0.02,0.010429564560218497,0.0010833308447653935,0.011482016005070423,0.03163301924349104,0.03378378378378384,0.02392730480697236,0.0,0.0
creditcard,PW-AE,1.2000000000000002,0.48332355415235123,0.9726951506188046,0.5590283280858468,0.5988415490748968,0.5243243243243243,7.968265581130981,50000.0,0.02,0.010123273888213134,0.0009459799822637395,0.005226334320978661,0.00402474337027795,0.011306216574784781,0.03469778186939755,0.0,0.0
creditcard,PW-AE,1.3000000000000003,0.4894237018208156,0.971646289232344,0.5622644536248902,0.6048223181612598,0.5256756756756756,8.024936819076538,50000.0,0.02,0.017825585573606917,0.001991818534735639,0.01066149396918054,0.02421320881679026,0.007401656182502219,0.059606038860135005,0.0,0.0
creditcard,PW-AE,1.4000000000000001,0.4827572322547608,0.972385450121549,0.559590055315385,0.6062903799042113,0.5202702702702703,8.010200500488281,50000.0,0.02,0.01399252475244694,0.0028911744671999604,0.009677100485233351,0.021368248063692682,0.01722641727565127,0.05918373865283452,0.0,0.0
creditcard,PW-AE,1.5000000000000002,0.4838218483483714,0.9720061110617155,0.5619326043998228,0.6044194121094779,0.5256756756756756,7.993193531036377,50000.0,0.02,0.009105968525115164,0.0034639789913491637,0.009443996435493058,0.028657101297052963,0.005653108287392379,0.027143570251398633,0.0,0.0
creditcard,PW-AE,1.6,0.49022241878753847,0.9721175761334632,0.5672824494303516,0.6127866588819151,0.5283783783783783,7.975020790100098,50000.0,0.02,0.014392442775068988,0.003014018329413257,0.014467513451454134,0.027818400067844876,0.005653108287392356,0.027561071997761727,0.0,0.0
creditcard,PW-AE,1.7000000000000002,0.5011313474225633,0.9707390361957883,0.5713471938424627,0.6185786435786436,0.5310810810810811,8.090346670150756,50000.0,0.02,0.014430932560363012,0.001247069606745745,0.01139187955223729,0.023505093868581413,0.00604342696621569,0.040338652665612235,0.0,0.0
creditcard,PW-AE,1.8000000000000003,0.4794181592494232,0.9712146060447031,0.5539875666087839,0.6116215516796939,0.5135135135135135,8.00364317893982,50000.0,0.02,0.023698166579322083,0.0017150598121528436,0.012097616143641993,0.07097680231565097,0.043527360563260536,0.029700810433873154,0.0,0.0
creditcard,PW-AE,1.9000000000000001,0.4944237822651599,0.9706178667233389,0.5655077525725057,0.6731003935422168,0.4918918918918919,8.072067928314208,50000.0,0.02,0.02256473592435962,0.0016176025612294569,0.013128515700500182,0.0519695681307202,0.04257292973519827,0.06207921187441523,0.0,0.0
creditcard,PW-AE,2.0,0.4874264823154495,0.9735410599157289,0.5622242732179745,0.5998960144742949,0.5297297297297298,8.054343318939209,50000.0,0.02,0.022996021973520138,0.0023196756542157096,0.012873830967837594,0.03064262633929583,0.010247128978448044,0.06158187751473676,0.0,0.0
shuttle,AE,0.1,0.8987543614682313,0.9734907856391024,0.8774285274987224,0.965153783297767,0.8044431785816007,3.8889121532440187,50000.0,0.02,0.014321291356251754,0.0032269990360963077,0.013131640313490695,0.004305225384867676,0.019398671771813404,0.016323090814442245,0.0,0.0
shuttle,AE,0.2,0.904177212991699,0.9767718801373395,0.8638277989424351,0.9413101216909723,0.7984619766448305,3.9301589012145994,50000.0,0.02,0.016944327556632305,0.003742461255253622,0.02995074379928362,0.032100249434805675,0.03370603179316454,0.06630831899111457,0.0,0.0
shuttle,AE,0.30000000000000004,0.8878955150534864,0.9754058504048103,0.8472785702570393,0.9389505400035496,0.7739105667900883,3.8901007652282713,50000.0,0.02,0.05852122520482189,0.006488499696736918,0.08467146785501863,0.05841650039976328,0.1038874445119421,0.018683546972717808,0.0,0.0
shuttle,AE,0.4,0.9017689193559661,0.9763647885768643,0.8611912824062333,0.9322777618515392,0.8009114212475078,3.894321060180664,50000.0,0.02,0.016944799368008277,0.003163897572892595,0.020999008510145082,0.02359706112764485,0.032803697447658015,0.04349367531767872,0.0,0.0
shuttle,AE,0.5,0.878988523265624,0.9749781118621581,0.8324038444350181,0.8970962236593877,0.7800056963827969,3.896588611602783,50000.0,0.02,0.05572151342818115,0.0038346648801496847,0.0690767331974685,0.1090424577942005,0.05078877140441006,0.04914219861827019,0.0,0.0
shuttle,AE,0.6,0.7725728304013995,0.9658364033999206,0.7685599187625699,0.7864897941329798,0.7751637710054116,3.90799298286438,50000.0,0.02,0.2051624423839349,0.019960063745140127,0.12845475288539082,0.2109934310638541,0.045035931666123796,0.028934387742995973,0.0,0.0
shuttle,AE,0.7000000000000001,0.9003574999631809,0.9790172141449185,0.8554418091988145,0.9081366314512861,0.809057248647109,3.8789462089538573,50000.0,0.02,0.025485131599419075,0.0029441832198847297,0.03909925223623622,0.05771642311139554,0.026378927152438822,0.016852142795878728,0.0,0.0
shuttle,AE,0.8,0.8600575134688124,0.9720940547200385,0.81635878606722,0.8808514162495917,0.7610937054970094,3.878024959564209,50000.0,0.02,0.06665552247776454,0.00717494046362289,0.08344477016232241,0.0994538080951487,0.07236323381231363,0.015232231601240463,0.0,0.0
shuttle,AE,0.9,0.8967472762284505,0.9778360413186062,0.8553585594438623,0.9186367226436323,0.8010823127314156,3.9449019908905028,50000.0,0.02,0.019512707743180067,0.002183428952406168,0.03378036510894814,0.049535174803789044,0.03245413804167682,0.06512056187441985,0.0,0.0
shuttle,AE,1.0,0.8158192719347696,0.971522457082599,0.7771755382045029,0.7834570160555867,0.7843919111364284,3.895931339263916,50000.0,0.02,0.10775677061899613,0.008618379336172533,0.08538965232894923,0.1509746879721085,0.03610468796141045,0.01189600966707266,0.0,0.0
shuttle,AE,1.1,0.8453554906980119,0.9730159775252669,0.7923826713627762,0.8096636496571227,0.7792651666191969,3.9100233554840087,50000.0,0.02,0.03685599184275154,0.0024566051466116635,0.05260499199657154,0.09643329681491736,0.022990215654823332,0.02514432976545782,0.0,0.0
shuttle,AE,1.2000000000000002,0.6996814329704546,0.9597670291149439,0.713985597898858,0.662424299478914,0.8234121332953575,3.900998115539551,50000.0,0.02,0.2143314047503031,0.0194293562068204,0.14261960509115756,0.23785174668989886,0.03434758228250914,0.05019314676882064,0.0,0.0
shuttle,AE,1.3000000000000003,0.6745353055830611,0.9576528646116411,0.6923537663405147,0.6337644707151944,0.8195385929934492,3.919069242477417,50000.0,0.02,0.20339869445385383,0.019711077518331965,0.1329530179240584,0.2350535916015691,0.06341324011968913,0.018789790407851923,0.0,0.0
shuttle,AE,1.4000000000000001,0.7206492927976992,0.9613355762148116,0.7016095158678963,0.6268505919167525,0.8395898604386215,3.9268666744232177,50000.0,0.02,0.1350176743798635,0.012748208944688423,0.11047559687020399,0.1895329282629305,0.0344050439216362,0.015199183866650453,0.0,0.0
shuttle,AE,1.5000000000000002,0.8718456547746516,0.9754154210176832,0.8329348421372978,0.841019713539735,0.8316718883508972,4.004993581771851,50000.0,0.02,0.06113054333719926,0.0065307378739359375,0.08064452054274798,0.1333184306212579,0.028326262240246272,0.1349066688194996,0.0,0.0
shuttle,AE,1.6,0.8607384264119794,0.9745907800746764,0.8140617310051613,0.8241803085461574,0.8142409569923099,3.9040820598602295,50000.0,0.02,0.07844197322506007,0.009056313353461907,0.08741573326224651,0.1478650837033834,0.02159879520460299,0.02804816969394741,0.0,0.0
shuttle,AE,1.7000000000000002,0.7397555443564798,0.9625876120631108,0.709464229362914,0.6624934167426595,0.7930504129877527,3.9070982456207277,50000.0,0.02,0.14642335232532305,0.017333597122341747,0.12466203322031714,0.2037401044383211,0.036522765993824174,0.022366223767131002,0.0,0.0
shuttle,AE,1.8000000000000003,0.7747079601918015,0.9685419628013683,0.7325605394614889,0.7024823326631185,0.771233266875534,3.91728253364563,50000.0,0.02,0.08796246264032671,0.008389386131852996,0.09526058442074421,0.1267520673446757,0.0724839250204324,0.03208181752452136,0.0,0.0
shuttle,AE,1.9000000000000001,0.7726984239591702,0.9662341455250237,0.7206140804333959,0.7026341634962304,0.7667331244659641,3.890872621536255,50000.0,0.02,0.10551346640045856,0.011576646433099724,0.08232936061442916,0.14604907248215776,0.08282631673503062,0.026543916127536937,0.0,0.0
shuttle,AE,2.0,0.7495065239650649,0.9645818533757365,0.7322049005637952,0.6710475731823379,0.8415835944175448,3.906529998779297,50000.0,0.02,0.15740497518630742,0.013311807192099151,0.11630829548161657,0.18876597954159716,0.03743633130641318,0.014336333177731565,0.0,0.0
shuttle,DAE,0.1,0.9167810294028452,0.9770852874063543,0.8857913102333972,0.9655506399123466,0.8183423526060952,6.3792805671691895,50000.0,0.02,0.012581018023451799,0.0018428746905534675,0.01850024158437911,0.01998527622772607,0.020983459364171595,0.019332789596674956,0.0,0.0
shuttle,DAE,0.2,0.9156235045779166,0.9764327175605926,0.8946605247499221,0.960328895395435,0.8374252349757902,6.394174432754516,50000.0,0.02,0.023530959514940514,0.004153001909279629,0.023073354148646977,0.02381548858804086,0.022884469049956262,0.046319229005208545,0.0,0.0
shuttle,DAE,0.30000000000000004,0.9057562648087571,0.9769454894803669,0.872551768714878,0.9381217341614123,0.8157789803474793,6.413535404205322,50000.0,0.02,0.053246354740452743,0.0062202383955362855,0.07191935069652398,0.06842696861862839,0.07487640047529559,0.04680351587830188,0.0,0.0
shuttle,DAE,0.4,0.92379086352797,0.9790124744485317,0.8967101758539229,0.9559666266262525,0.8446596411278838,6.416179275512695,50000.0,0.02,0.010432235717374418,0.0015223552580858918,0.020085103688752704,0.027346282362652644,0.02114252206648864,0.03419436337033348,0.0,0.0
shuttle,DAE,0.5,0.9098477097497014,0.9785460598334124,0.8792158482484679,0.9455380674858498,0.822614639703788,6.413849544525147,50000.0,0.02,0.021429077213914755,0.003666812143976594,0.028917089711358465,0.029595507663580614,0.04213176957488735,0.03244261942086179,0.0,0.0
shuttle,DAE,0.6,0.9191465097816212,0.9807589057401846,0.8912893701852671,0.9491108983257618,0.8401594987183139,6.402173471450806,50000.0,0.02,0.01757495539922317,0.002088206402215811,0.03178993947817691,0.03441336724210785,0.030393952420297323,0.035864652160569846,0.0,0.0
shuttle,DAE,0.7000000000000001,0.9159709860292964,0.9796161190813667,0.8872230180095798,0.9307599302021355,0.8479635431500997,6.416131114959716,50000.0,0.02,0.026211224405854938,0.002808210437613355,0.04160160610781424,0.0453245033563045,0.04303898997036354,0.03231993549468302,0.0,0.0
shuttle,DAE,0.8,0.9169489417611851,0.9802364082583281,0.8880149564774424,0.931949715595856,0.8480774708060382,6.423414945602417,50000.0,0.02,0.02151910308073591,0.0021671211205946425,0.03391002942550747,0.037026452409414504,0.03186068426946169,0.07633655815633034,0.0,0.0
shuttle,DAE,0.9,0.928046818744001,0.9823089364095067,0.907927540913078,0.9466115812584883,0.8724579891768727,6.374811410903931,50000.0,0.02,0.013010850521791234,0.0013205385425423973,0.025122294242755625,0.02657767529406717,0.02744214306315505,0.04606127277313182,0.0,0.0
shuttle,DAE,1.0,0.9209183882329066,0.9811477657767254,0.8979478490496922,0.947241252718445,0.8538308174309315,6.40382490158081,50000.0,0.02,0.020621159619393155,0.0031608837385680823,0.028086087483886545,0.020681179917558707,0.03677554469330115,0.03229786122769124,0.0,0.0
shuttle,DAE,1.1,0.8882239454344429,0.9785989175073275,0.8462289372038173,0.8686084871466841,0.8255767587581886,6.707856512069702,50000.0,0.02,0.026089395225451728,0.0024676295896225706,0.03230371477435398,0.04850391736318048,0.023353085331910998,0.23804955884745,0.0,0.0
shuttle,DAE,1.2000000000000002,0.8984870167132589,0.9793971933424872,0.8593013794033076,0.8954345409641082,0.826374252349758,6.944118213653565,50000.0,0.02,0.037163543783749135,0.004042227249186638,0.0569033712897224,0.06962424577177767,0.047981501660207905,0.19012864898169343,0.0,0.0
shuttle,DAE,1.3000000000000003,0.8947742042843227,0.9794125070728379,0.8508572650586235,0.8737778943791694,0.8296211905440046,6.725888586044311,50000.0,0.02,0.03928679523545231,0.003087997172211693,0.06216635689836048,0.07923415696947042,0.04802451049659796,0.14641612243453214,0.0,0.0
shuttle,DAE,1.4000000000000001,0.9170120752332682,0.9811324470480132,0.8910267759724274,0.937105958821714,0.8492737111933921,6.6065984725952145,50000.0,0.02,0.02429526423215334,0.002559351041897355,0.03949630987071819,0.04006700304350062,0.03890852545278762,0.08111376489824894,0.0,0.0
shuttle,DAE,1.5000000000000002,0.8945073460825134,0.9790569148815133,0.8528513399002617,0.8765471261978224,0.8312731415551126,6.531445264816284,50000.0,0.02,0.026289879860302744,0.002129023978914426,0.04473235435087064,0.06236805466148611,0.035036574737314786,0.024997146306301194,0.0,0.0
shuttle,DAE,1.6,0.9026636646599181,0.9798029378445113,0.8659843896674317,0.8995249647660246,0.8355454286528055,6.56364951133728,50000.0,0.02,0.03205352389803429,0.003067252136120214,0.053525353880288735,0.0644732218948702,0.050075789547561436,0.014518250016052859,0.0,0.0
shuttle,DAE,1.7000000000000002,0.9194568074301104,0.9820017883388049,0.89240029179917,0.9212475698558341,0.8660210766163485,6.558573865890503,50000.0,0.02,0.026457885561155237,0.0020747160609071134,0.046105618811028815,0.06484824664068804,0.03299208994652626,0.024287962901331443,0.0,0.0
shuttle,DAE,1.8000000000000003,0.8860808623027324,0.9790337487250896,0.8419137473572367,0.8498129166097221,0.84044431785816,6.573965787887573,50000.0,0.02,0.043178526444080816,0.003042562064879886,0.06081653150911592,0.10944275929041847,0.031510446500668095,0.016026484513164525,0.0,0.0
shuttle,DAE,1.9000000000000001,0.9097446924455597,0.9809510864957354,0.873222944671517,0.9022112583561872,0.8467673027627456,6.557509517669677,50000.0,0.02,0.021079884351946857,0.0016097991661257517,0.03653579165645168,0.05851664721566351,0.01864749865786353,0.026896805351425104,0.0,0.0
shuttle,DAE,2.0,0.9114620576868934,0.9810692190233693,0.882982418090147,0.9143551428540363,0.8540586727428083,6.580945348739624,50000.0,0.02,0.028772486977154135,0.001555072793256841,0.04481360298239059,0.06140966088434997,0.030323943575075233,0.03749507229643755,0.0,0.0
shuttle,PW-AE,0.1,0.9052121391236522,0.9750697868122552,0.8606321029495309,0.9552408801405792,0.7837083452007975,7.057407188415527,50000.0,0.02,0.02375982185811499,0.005070461239935993,0.019212411813159722,0.02370486358365663,0.02979363406119187,0.018019150037539552,0.0,0.0
shuttle,PW-AE,0.2,0.8981221870809348,0.9749473381993801,0.8500073741725964,0.9395652948303013,0.7761891199088579,7.056386470794678,50000.0,0.02,0.015833582753280763,0.0030016193497781896,0.01661466240374608,0.022089979150946695,0.01706230684205519,0.026094465075984206,0.0,0.0
shuttle,PW-AE,0.30000000000000004,0.9263023000447804,0.979571409986449,0.8908372707497106,0.9584720990701523,0.8332099117060666,7.087563705444336,50000.0,0.02,0.013409107532254171,0.002198543717519184,0.014177762287212958,0.020813975337302493,0.03462491823350647,0.024959181545575217,0.0,0.0
shuttle,PW-AE,0.4,0.9305849584074493,0.9795410849266247,0.89893324906822,0.9680685962000858,0.8391341498148677,7.05892014503479,50000.0,0.02,0.004202848819211058,0.001193861261045522,0.004639729662967809,0.009683877936032887,0.010001978774008094,0.01072689635570913,0.0,0.0
shuttle,PW-AE,0.5,0.92893608314659,0.9803174092072295,0.903707045025851,0.9658758278570098,0.8493876388493307,7.148398065567017,50000.0,0.02,0.017847210504389865,0.003677882941558752,0.01928669294065664,0.009253677613726643,0.030170266477820566,0.044578134065026614,0.0,0.0
shuttle,PW-AE,0.6,0.9385936326319871,0.9815007050876311,0.9110468061101337,0.9629285383829533,0.8656223298205639,7.472127199172974,50000.0,0.02,0.019403335196083376,0.0029328026667006283,0.02300010842489262,0.014752417393919541,0.044618715954010256,0.3350279352065373,0.0,0.0
shuttle,PW-AE,0.7000000000000001,0.9370660659203185,0.9809118393604557,0.9102160675379762,0.9636302499369604,0.8628880660780405,7.231667470932007,50000.0,0.02,0.01621912097384529,0.0022959681918897175,0.025737298233012434,0.019834160543755253,0.03711981315460463,0.11262511058093823,0.0,0.0
shuttle,PW-AE,0.8,0.945282033764806,0.9822099013719541,0.9248160150580349,0.9705121021362585,0.8833950441469668,8.43519868850708,50000.0,0.02,0.008245504171977256,0.0012601777666273542,0.0167796777851261,0.017865954825143745,0.02085665821394679,1.0190774520750638,0.0,0.0
shuttle,PW-AE,0.9,0.9368228300995352,0.980331519582025,0.9146747966698108,0.9700043066899753,0.8660210766163485,7.178442668914795,50000.0,0.02,0.020987979142289306,0.004531914370820686,0.018251368348933993,0.010382392773692815,0.03519251385665019,0.07947976650134154,0.0,0.0
shuttle,PW-AE,1.0,0.9387498707607234,0.9817006532971073,0.9164372364375453,0.9705243056936966,0.8684135573910566,7.322134685516358,50000.0,0.02,0.010352154009790908,0.0017158486441994673,0.010884337398639001,0.009499386358088073,0.02311864869866193,0.2570974443179114,0.0,0.0
shuttle,PW-AE,1.1,0.9470050514004468,0.98277445756749,0.9274136650793583,0.9743264680651315,0.8850469951580745,7.164699268341065,50000.0,0.02,0.00563990925395239,0.001061493269052632,0.011455551502302885,0.003301820132292617,0.02212313303352501,0.10753183578146547,0.0,0.0
shuttle,PW-AE,1.2000000000000002,0.9440850458485972,0.981403284520875,0.9324076835893541,0.9790958671316613,0.8901167758473368,7.114732789993286,50000.0,0.02,0.013888430700253602,0.003651353056326666,0.010024661554201205,0.0050488294493833755,0.01776687092189617,0.01659175064013219,0.0,0.0
shuttle,PW-AE,1.3000000000000003,0.9476496329221747,0.9825215879549882,0.9301799946622179,0.9689534333685857,0.8946169182569068,7.129174613952637,50000.0,0.02,0.009012675373910086,0.0019602499371028713,0.011661500299015791,0.010752941266806775,0.02012262844667778,0.042781650581409106,0.0,0.0
shuttle,PW-AE,1.4000000000000001,0.9440837863566701,0.9825148514131424,0.9226085851831856,0.9684975560497879,0.8808886357163201,7.0915257930755615,50000.0,0.02,0.006396862565467363,0.0007939535673364309,0.015223521999191619,0.012870896720519562,0.017231440266433546,0.0399220569782833,0.0,0.0
shuttle,PW-AE,1.5000000000000002,0.9408871914688228,0.9821834200521996,0.9173887910139935,0.9747279841069544,0.8667616063799487,7.097255611419678,50000.0,0.02,0.0098982341991186,0.0015974181133196616,0.016027261944764063,0.007085620632244965,0.027669560097749644,0.007182411515377418,0.0,0.0
shuttle,PW-AE,1.6,0.9444250919611156,0.9820035427637264,0.9243485686357016,0.9692996106744733,0.8835659356308744,7.223527908325195,50000.0,0.02,0.015465995896355255,0.0025417039725140708,0.02270476074134395,0.01322250187656105,0.030921181054137555,0.05485488635777861,0.0,0.0
shuttle,PW-AE,1.7000000000000002,0.9467428319175838,0.9830926782587254,0.9320361326804552,0.9754626491573009,0.8924522927940759,7.109120273590088,50000.0,0.02,0.007423431844526686,0.0012117067402387417,0.011420192869613443,0.005374394641321253,0.01918632717134405,0.05011338465680069,0.0,0.0
shuttle,PW-AE,1.8000000000000003,0.9460012895887779,0.9829927959988816,0.9247011922657343,0.9744343611013593,0.8802050697806892,7.139279365539551,50000.0,0.02,0.010210223515247896,0.0012093543269002165,0.01630186399887179,0.00437204997513586,0.029612699525730566,0.04511881553194778,0.0,0.0
shuttle,PW-AE,1.9000000000000001,0.9502079508727341,0.9836161379251898,0.9364529585981538,0.9747899999648514,0.9011107946454002,7.093731307983399,50000.0,0.02,0.008050707526402757,0.0015087956930251256,0.010020947936441468,0.005644439588621129,0.016176373192807868,0.01831265034846597,0.0,0.0
shuttle,PW-AE,2.0,0.9425091456386312,0.9828207011594188,0.9255197429745321,0.9675489317496524,0.887268584448875,7.1050416946411135,50000.0,0.02,0.016805537269118546,0.0013240733201351313,0.027775237071555926,0.0149810940051744,0.03851456221430116,0.011980437587239481,0.0,0.0
