,PR-AUC,ROC-AUC,Max F1,Max F1 Precision,Max F1 Recall,runtime,status,model,subsample,preprocessor,postprocessor,seed,lr,optimizer_fn,dataset
0,0.5865776383967121,0.9833158597872523,0.5876887340301974,0.7931034482758621,0.466789667896679,12.271092653274536,Completed,AE,50000,minmax,none,42,0.001,hd-sgd,covertype
1,0.5600005213528251,0.9772108251229303,0.5464982778415615,0.723404255319149,0.43911439114391143,12.386942148208618,Completed,AE,50000,minmax,none,43,0.001,hd-sgd,covertype
2,0.6572396298619835,0.9864327837746409,0.6303664921465969,0.7288135593220338,0.5553505535055351,12.481860876083374,Completed,AE,50000,minmax,none,42,0.0020000000000000005,hd-sgd,covertype
3,0.6415592134555343,0.9843167836021439,0.6352413019079686,0.8108882521489972,0.522140221402214,12.514548778533936,Completed,AE,50000,minmax,none,43,0.0020000000000000005,hd-sgd,covertype
4,0.730768447133659,0.9899226806777348,0.6937561942517344,0.7494646680942184,0.6457564575645757,12.292051792144775,Completed,AE,50000,minmax,none,42,0.004000000000000001,hd-sgd,covertype
5,0.7119111940623741,0.9894293253256444,0.6982758620689655,0.8393782383419689,0.5977859778597786,12.359676361083984,Completed,AE,50000,minmax,none,43,0.004000000000000001,hd-sgd,covertype
6,0.7866962197765851,0.9921652558755358,0.725883476599809,0.7524752475247525,0.7011070110701108,12.38136339187622,Completed,AE,50000,minmax,none,42,0.008000000000000004,hd-sgd,covertype
7,0.772159915026059,0.9936330113634753,0.7289719626168224,0.833729216152019,0.6476014760147601,12.399869918823242,Completed,AE,50000,minmax,none,43,0.008000000000000004,hd-sgd,covertype
8,0.7898482197194212,0.9937786491173174,0.7361853832442067,0.7120689655172414,0.7619926199261993,12.393877983093262,Completed,AE,50000,minmax,none,42,0.016,hd-sgd,covertype
9,0.7779408442437165,0.9956629494719066,0.7136150234741784,0.7265774378585086,0.7011070110701108,12.788037538528442,Completed,AE,50000,minmax,none,43,0.016,hd-sgd,covertype
10,0.7455225835555709,0.9944077937685843,0.6804478897502154,0.6381260096930533,0.7287822878228782,13.023382425308228,Completed,AE,50000,minmax,none,42,0.03200000000000001,hd-sgd,covertype
11,0.7324921237310831,0.9942398477727347,0.66728280961183,0.6685185185185185,0.6660516605166051,12.667223691940308,Completed,AE,50000,minmax,none,43,0.03200000000000001,hd-sgd,covertype
12,0.6842108027498108,0.9899351404650767,0.6466729147141519,0.6571428571428571,0.6365313653136532,12.928621530532837,Completed,AE,50000,minmax,none,42,0.06399999999999999,hd-sgd,covertype
13,0.7340735912918519,0.9913957334405322,0.6871508379888268,0.693609022556391,0.6808118081180812,12.963233470916748,Completed,AE,50000,minmax,none,43,0.06399999999999999,hd-sgd,covertype
14,0.6339722963872628,0.9822958732438228,0.6205450733752621,0.7184466019417476,0.5461254612546126,12.863471269607544,Completed,AE,50000,minmax,none,42,0.128,hd-sgd,covertype
15,0.74575429779217,0.9915340594628801,0.718139534883721,0.724202626641651,0.7121771217712177,12.710360765457153,Completed,AE,50000,minmax,none,43,0.128,hd-sgd,covertype
16,0.5615244729856564,0.9659927264685724,0.5906735751295336,0.6737588652482269,0.525830258302583,12.77639365196228,Completed,AE,50000,minmax,none,42,0.256,hd-sgd,covertype
17,0.6943603376668084,0.9880187580233196,0.6975425330812854,0.7151162790697675,0.6808118081180812,12.99631404876709,Completed,AE,50000,minmax,none,43,0.256,hd-sgd,covertype
18,0.5668401733476984,0.9827604293269672,0.5394581861012956,0.745928338762215,0.4225092250922509,20.135422468185425,Completed,PW-AE,50000,minmax,none,42,0.001,hd-sgd,covertype
19,0.4996766369167809,0.9664448227643746,0.490566037735849,0.5311827956989247,0.45571955719557194,20.441105842590332,Completed,PW-AE,50000,minmax,none,43,0.001,hd-sgd,covertype
20,0.5604466748984589,0.9804819669572409,0.5550561797752809,0.7097701149425287,0.45571955719557194,20.11182188987732,Completed,PW-AE,50000,minmax,none,42,0.0020000000000000005,hd-sgd,covertype
21,0.5475295377772298,0.9767734268996214,0.5339805825242718,0.7801418439716312,0.4059040590405904,20.562938451766968,Completed,PW-AE,50000,minmax,none,43,0.0020000000000000005,hd-sgd,covertype
22,0.6200902770710838,0.9824272978869543,0.608793686583991,0.782608695652174,0.4981549815498155,20.19537925720215,Completed,PW-AE,50000,minmax,none,42,0.004000000000000001,hd-sgd,covertype
23,0.6383368507232681,0.9842580659216759,0.6375442739079102,0.8852459016393442,0.4981549815498155,20.180917978286743,Completed,PW-AE,50000,minmax,none,43,0.004000000000000001,hd-sgd,covertype
24,0.6869851435004317,0.9868323549788937,0.6535044422507404,0.70276008492569,0.6107011070110702,20.501871585845947,Completed,PW-AE,50000,minmax,none,42,0.008000000000000004,hd-sgd,covertype
25,0.7173785531168699,0.99053507549512,0.7049891540130151,0.8552631578947368,0.5996309963099631,20.457788467407227,Completed,PW-AE,50000,minmax,none,43,0.008000000000000004,hd-sgd,covertype
26,0.724994847932028,0.9891424517787578,0.6630532971996387,0.6495575221238938,0.6771217712177122,20.45523428916931,Completed,PW-AE,50000,minmax,none,42,0.016,hd-sgd,covertype
27,0.7680863201554653,0.9925847105128821,0.7444219066937119,0.8265765765765766,0.6771217712177122,20.740315675735474,Completed,PW-AE,50000,minmax,none,43,0.016,hd-sgd,covertype
28,0.7313561534748245,0.9906794821921286,0.6878306878306878,0.8064516129032258,0.5996309963099631,21.08051633834839,Completed,PW-AE,50000,minmax,none,42,0.03200000000000001,hd-sgd,covertype
29,0.837233624039976,0.9971781193003,0.7663934426229508,0.8617511520737328,0.6900369003690037,21.07106876373291,Completed,PW-AE,50000,minmax,none,43,0.03200000000000001,hd-sgd,covertype
30,0.6735025793499975,0.9901748981095293,0.6285714285714286,0.7369727047146402,0.5479704797047971,20.895993947982788,Completed,PW-AE,50000,minmax,none,42,0.06399999999999999,hd-sgd,covertype
31,0.8440457215688287,0.997893326015633,0.7685352622061484,0.7535460992907801,0.7841328413284133,20.95453715324402,Completed,PW-AE,50000,minmax,none,43,0.06399999999999999,hd-sgd,covertype
32,0.767596820139471,0.9955249218875788,0.7044025157232704,0.6865148861646234,0.7232472324723247,20.870068073272705,Completed,PW-AE,50000,minmax,none,42,0.128,hd-sgd,covertype
33,0.7866020159804307,0.9966944631838651,0.7142857142857142,0.6765676567656765,0.7564575645756457,20.991447925567627,Completed,PW-AE,50000,minmax,none,43,0.128,hd-sgd,covertype
34,0.7760212308865043,0.996044689004454,0.7386262265834076,0.7150259067357513,0.7638376383763837,21.118515968322754,Completed,PW-AE,50000,minmax,none,42,0.256,hd-sgd,covertype
35,0.731863356486468,0.995377306981853,0.6879432624113475,0.6621160409556314,0.7158671586715867,21.110934495925903,Completed,PW-AE,50000,minmax,none,43,0.256,hd-sgd,covertype
36,0.6008710159374742,0.9850277748804421,0.5928571428571427,0.8355704697986577,0.45940959409594095,19.866912603378296,Completed,DAE,50000,minmax,none,42,0.001,hd-sgd,covertype
37,0.5805092912417604,0.9800227081489546,0.5659008464328898,0.8210526315789474,0.4317343173431734,19.939966201782227,Completed,DAE,50000,minmax,none,43,0.001,hd-sgd,covertype
38,0.6756291271772724,0.9884169862564814,0.6399082568807339,0.8454545454545455,0.514760147601476,19.66835880279541,Completed,DAE,50000,minmax,none,42,0.0020000000000000005,hd-sgd,covertype
39,0.6671671485764251,0.9873684242726207,0.6507394766780432,0.8486646884272997,0.5276752767527675,19.64091157913208,Completed,DAE,50000,minmax,none,43,0.0020000000000000005,hd-sgd,covertype
40,0.7641951426258506,0.9923268227587043,0.7181069958847737,0.8116279069767441,0.6439114391143912,20.41576051712036,Completed,DAE,50000,minmax,none,42,0.004000000000000001,hd-sgd,covertype
41,0.7529719220051974,0.9929836102315893,0.7146017699115045,0.8922651933701657,0.5959409594095941,20.425031661987305,Completed,DAE,50000,minmax,none,43,0.004000000000000001,hd-sgd,covertype
42,0.8346709846405769,0.9950489878549156,0.7830188679245284,0.8011583011583011,0.7656826568265682,20.67054057121277,Completed,DAE,50000,minmax,none,42,0.008000000000000004,hd-sgd,covertype
43,0.8377268220802719,0.9969331016857421,0.7752808988764044,0.7870722433460076,0.7638376383763837,20.39222264289856,Completed,DAE,50000,minmax,none,43,0.008000000000000004,hd-sgd,covertype
44,0.8701856360206687,0.9972956292707413,0.8151571164510165,0.8166666666666667,0.8136531365313653,20.551775693893433,Completed,DAE,50000,minmax,none,42,0.016,hd-sgd,covertype
45,0.8699293717618818,0.998381421397618,0.8034351145038169,0.8320158102766798,0.7767527675276753,20.55161190032959,Completed,DAE,50000,minmax,none,43,0.016,hd-sgd,covertype
46,0.8678729382394136,0.99806522631525,0.8142981691368788,0.771900826446281,0.8616236162361623,20.76329493522644,Completed,DAE,50000,minmax,none,42,0.03200000000000001,hd-sgd,covertype
47,0.857463936772717,0.9983180779278374,0.7954545454545455,0.7558139534883721,0.8394833948339483,20.54190230369568,Completed,DAE,50000,minmax,none,43,0.03200000000000001,hd-sgd,covertype
48,0.8342212188741218,0.99769706571262,0.7836879432624113,0.7542662116040956,0.8154981549815498,20.66572117805481,Completed,DAE,50000,minmax,none,42,0.06399999999999999,hd-sgd,covertype
49,0.8296949783023222,0.9978492691029057,0.7747440273037542,0.7206349206349206,0.8376383763837638,20.756304264068604,Completed,DAE,50000,minmax,none,43,0.06399999999999999,hd-sgd,covertype
50,0.8130325177940148,0.9971707702640534,0.7622439893143367,0.7366609294320138,0.7896678966789668,21.089661836624146,Completed,DAE,50000,minmax,none,42,0.128,hd-sgd,covertype
51,0.7924809688913402,0.9971519686687829,0.7675401521555367,0.7082683307332294,0.8376383763837638,20.90809679031372,Completed,DAE,50000,minmax,none,43,0.128,hd-sgd,covertype
52,0.8157271890054173,0.9973763567551968,0.7642857142857142,0.740484429065744,0.7896678966789668,20.949065685272217,Completed,DAE,50000,minmax,none,42,0.256,hd-sgd,covertype
53,0.8110143582736518,0.9971284666746946,0.7753303964757708,0.7419898819561551,0.8118081180811808,21.11680841445923,Completed,DAE,50000,minmax,none,43,0.256,hd-sgd,covertype
54,0.40662227231429277,0.8768706723252178,0.5496688741721855,0.538961038961039,0.5608108108108109,15.435807466506958,Completed,AE,50000,minmax,none,42,0.001,hd-sgd,creditcard
55,0.41190766961751984,0.8683640061067245,0.5663082437275986,0.6030534351145038,0.5337837837837838,15.638410568237305,Completed,AE,50000,minmax,none,43,0.001,hd-sgd,creditcard
56,0.3799894475943931,0.9242042933569853,0.5372168284789645,0.515527950310559,0.5608108108108109,15.78607177734375,Completed,AE,50000,minmax,none,42,0.0020000000000000005,hd-sgd,creditcard
57,0.3881947027160038,0.9209572496752549,0.5567765567765568,0.608,0.5135135135135135,15.66551947593689,Completed,AE,50000,minmax,none,43,0.0020000000000000005,hd-sgd,creditcard
58,0.3421252323314564,0.9540899169650273,0.5,0.5069444444444444,0.49324324324324326,15.850180864334106,Completed,AE,50000,minmax,none,42,0.004000000000000001,hd-sgd,creditcard
59,0.38859001498732376,0.9575763177925578,0.5625,0.6666666666666666,0.4864864864864865,15.86435866355896,Completed,AE,50000,minmax,none,43,0.004000000000000001,hd-sgd,creditcard
60,0.34933275689519705,0.9666413936603698,0.5033557046979866,0.5,0.5067567567567568,15.812946796417236,Completed,AE,50000,minmax,none,42,0.008000000000000004,hd-sgd,creditcard
61,0.40903298721183073,0.97022443188595,0.5543071161048689,0.6218487394957983,0.5,15.516303062438965,Completed,AE,50000,minmax,none,43,0.008000000000000004,hd-sgd,creditcard
62,0.37522798585566636,0.9690933812734341,0.5066666666666666,0.5,0.5135135135135135,15.691245079040527,Completed,AE,50000,minmax,none,42,0.016,hd-sgd,creditcard
63,0.44422004391606446,0.972131427945638,0.5579710144927538,0.6015625,0.5202702702702703,15.666472434997559,Completed,AE,50000,minmax,none,43,0.016,hd-sgd,creditcard
64,0.3909477172829023,0.9694684102782073,0.5065789473684211,0.4935897435897436,0.5202702702702703,15.716746807098389,Completed,AE,50000,minmax,none,42,0.03200000000000001,hd-sgd,creditcard
65,0.457878472478993,0.9719128078572031,0.5390625,0.6388888888888888,0.46621621621621623,15.7651207447052,Completed,AE,50000,minmax,none,43,0.03200000000000001,hd-sgd,creditcard
66,0.378261461662783,0.9694803374746005,0.4868913857677903,0.5462184873949579,0.4391891891891892,15.720525741577148,Completed,AE,50000,minmax,none,42,0.06399999999999999,hd-sgd,creditcard
67,0.44542976188028777,0.972188759810119,0.5252525252525252,0.5234899328859061,0.527027027027027,15.742457151412964,Completed,AE,50000,minmax,none,43,0.06399999999999999,hd-sgd,creditcard
68,0.3336426168200042,0.9695357718305643,0.4659498207885305,0.4961832061068702,0.4391891891891892,15.736577987670898,Completed,AE,50000,minmax,none,42,0.128,hd-sgd,creditcard
69,0.4059752685000201,0.97308994081942,0.5152542372881356,0.5170068027210885,0.5135135135135135,15.671314239501953,Completed,AE,50000,minmax,none,43,0.128,hd-sgd,creditcard
70,0.2685849619333823,0.9684163773417965,0.43086816720257237,0.4110429447852761,0.4527027027027027,16.18098020553589,Completed,AE,50000,minmax,none,42,0.256,hd-sgd,creditcard
71,0.33001913734726157,0.9727948782450107,0.46808510638297873,0.425414364640884,0.5202702702702703,16.10925269126892,Completed,AE,50000,minmax,none,43,0.256,hd-sgd,creditcard
72,0.36129560508349046,0.8254004827261667,0.5306122448979591,0.5342465753424658,0.527027027027027,24.51021456718445,Completed,PW-AE,50000,minmax,none,42,0.001,hd-sgd,creditcard
73,0.4354517162792263,0.8023145808891616,0.5514950166112957,0.5424836601307189,0.5608108108108109,24.730456113815308,Completed,PW-AE,50000,minmax,none,43,0.001,hd-sgd,creditcard
74,0.4194297926616453,0.8794575185793191,0.5540540540540541,0.5540540540540541,0.5540540540540541,24.950135469436646,Completed,PW-AE,50000,minmax,none,42,0.0020000000000000005,hd-sgd,creditcard
75,0.43891656163586673,0.8734677618724397,0.5909090909090909,0.6724137931034483,0.527027027027027,24.630166053771973,Completed,PW-AE,50000,minmax,none,43,0.0020000000000000005,hd-sgd,creditcard
76,0.4150882821070339,0.9314886930178192,0.5622775800711743,0.5939849624060151,0.5337837837837838,24.60499930381775,Completed,PW-AE,50000,minmax,none,42,0.004000000000000001,hd-sgd,creditcard
77,0.43067453338739703,0.9305053769969922,0.596078431372549,0.7102803738317757,0.5135135135135135,24.568981409072876,Completed,PW-AE,50000,minmax,none,43,0.004000000000000001,hd-sgd,creditcard
78,0.400001170891817,0.9603652487037306,0.5572519083969466,0.6403508771929824,0.49324324324324326,24.77792239189148,Completed,PW-AE,50000,minmax,none,42,0.008000000000000004,hd-sgd,creditcard
79,0.43527725823182434,0.9633751038208231,0.5843621399176954,0.7473684210526316,0.4797297297297297,24.564855575561523,Completed,PW-AE,50000,minmax,none,43,0.008000000000000004,hd-sgd,creditcard
80,0.40266063313871003,0.9704190620452756,0.5409252669039146,0.5714285714285714,0.5135135135135135,24.349357843399048,Completed,PW-AE,50000,minmax,none,42,0.016,hd-sgd,creditcard
81,0.4510988875175665,0.971542116014755,0.5756457564575646,0.6341463414634146,0.527027027027027,24.430933952331543,Completed,PW-AE,50000,minmax,none,43,0.016,hd-sgd,creditcard
82,0.4254491673169969,0.9718280976555469,0.5284280936454849,0.5231788079470199,0.5337837837837838,24.455260753631592,Completed,PW-AE,50000,minmax,none,42,0.03200000000000001,hd-sgd,creditcard
83,0.4814330452587937,0.9725288204436482,0.5535055350553506,0.6097560975609756,0.5067567567567568,24.30461859703064,Completed,PW-AE,50000,minmax,none,43,0.03200000000000001,hd-sgd,creditcard
84,0.4510531732589497,0.9715518746299857,0.5394190871369294,0.6989247311827957,0.4391891891891892,24.627418041229248,Completed,PW-AE,50000,minmax,none,42,0.06399999999999999,hd-sgd,creditcard
85,0.49095113656181366,0.9725589095072767,0.5655737704918034,0.71875,0.46621621621621623,24.436134099960327,Completed,PW-AE,50000,minmax,none,43,0.06399999999999999,hd-sgd,creditcard
86,0.46645409881448446,0.971777678143521,0.5666666666666667,0.7391304347826086,0.4594594594594595,24.8553524017334,Completed,PW-AE,50000,minmax,none,42,0.128,hd-sgd,creditcard
87,0.49762977765979577,0.9733397342620644,0.5619834710743802,0.723404255319149,0.4594594594594595,24.753520965576172,Completed,PW-AE,50000,minmax,none,43,0.128,hd-sgd,creditcard
88,0.47664915635379085,0.9723481505255558,0.5537190082644627,0.7127659574468085,0.4527027027027027,24.5733482837677,Completed,PW-AE,50000,minmax,none,42,0.256,hd-sgd,creditcard
89,0.4998945299854677,0.9742994669627503,0.5525291828793775,0.6513761467889908,0.4797297297297297,24.660205125808716,Completed,PW-AE,50000,minmax,none,43,0.256,hd-sgd,creditcard
90,0.42434628281678,0.885507453413455,0.5631067961165047,0.5403726708074534,0.5878378378378378,23.046008348464966,Completed,DAE,50000,minmax,none,42,0.001,hd-sgd,creditcard
91,0.4402636488414194,0.8813248024964707,0.5931558935361216,0.6782608695652174,0.527027027027027,23.223971843719482,Completed,DAE,50000,minmax,none,43,0.001,hd-sgd,creditcard
92,0.41498908006811086,0.9355485480264826,0.558303886925795,0.5851851851851851,0.5337837837837838,23.29133629798889,Completed,DAE,50000,minmax,none,42,0.0020000000000000005,hd-sgd,creditcard
93,0.4294408123526702,0.9354783402113499,0.5914396887159534,0.6972477064220184,0.5135135135135135,23.477354049682617,Completed,DAE,50000,minmax,none,43,0.0020000000000000005,hd-sgd,creditcard
94,0.3968934602801395,0.9620742261960268,0.5447761194029851,0.6083333333333333,0.49324324324324326,23.106296062469482,Completed,DAE,50000,minmax,none,42,0.004000000000000001,hd-sgd,creditcard
95,0.4381610012790551,0.9653725026077189,0.592,0.7254901960784313,0.5,23.313905000686646,Completed,DAE,50000,minmax,none,43,0.004000000000000001,hd-sgd,creditcard
96,0.4023537150720592,0.9711550242772662,0.5415162454873647,0.5813953488372093,0.5067567567567568,23.542365312576294,Completed,DAE,50000,minmax,none,42,0.008000000000000004,hd-sgd,creditcard
97,0.4544627196061577,0.9725728697485096,0.5735294117647058,0.6290322580645161,0.527027027027027,23.35085916519165,Completed,DAE,50000,minmax,none,43,0.008000000000000004,hd-sgd,creditcard
98,0.4211756604086903,0.9717751029533908,0.5266666666666666,0.5197368421052632,0.5337837837837838,23.35389280319214,Completed,DAE,50000,minmax,none,42,0.016,hd-sgd,creditcard
99,0.4822932342595645,0.972927568304885,0.5591397849462365,0.5954198473282443,0.527027027027027,23.164785861968994,Completed,DAE,50000,minmax,none,43,0.016,hd-sgd,creditcard
100,0.4409549555016037,0.9708390891091685,0.5378151260504201,0.7111111111111111,0.43243243243243246,23.703182220458984,Completed,DAE,50000,minmax,none,42,0.03200000000000001,hd-sgd,creditcard
101,0.48983875293877466,0.972287565789331,0.5679012345679013,0.7263157894736842,0.46621621621621623,23.297815561294556,Completed,DAE,50000,minmax,none,43,0.03200000000000001,hd-sgd,creditcard
102,0.44811779823220993,0.9707173774914286,0.5573770491803279,0.7083333333333334,0.4594594594594595,24.068037509918213,Completed,DAE,50000,minmax,none,42,0.06399999999999999,hd-sgd,creditcard
103,0.49022026488338344,0.9727299563464611,0.5583333333333333,0.7282608695652174,0.4527027027027027,24.467701196670532,Completed,DAE,50000,minmax,none,43,0.06399999999999999,hd-sgd,creditcard
104,0.45109864667764166,0.9716882241705719,0.5514403292181069,0.7052631578947368,0.4527027027027027,24.359147787094116,Completed,DAE,50000,minmax,none,42,0.128,hd-sgd,creditcard
105,0.48354322372082786,0.9737758901483525,0.5523012552301255,0.7252747252747253,0.44594594594594594,24.314753770828247,Completed,DAE,50000,minmax,none,43,0.128,hd-sgd,creditcard
106,0.44868861915855734,0.9742776456148036,0.5439999999999999,0.6666666666666666,0.4594594594594595,24.409324884414673,Completed,DAE,50000,minmax,none,42,0.256,hd-sgd,creditcard
107,0.47166435832889125,0.9757250380043849,0.5469387755102041,0.6907216494845361,0.4527027027027027,24.253201484680176,Completed,DAE,50000,minmax,none,43,0.256,hd-sgd,creditcard
108,0.42474545088708465,0.8830369202854919,0.4514624841034336,0.3594936708860759,0.606664767872401,14.311051607131958,Completed,AE,50000,minmax,none,42,0.001,hd-sgd,shuttle
109,0.8412941480923424,0.9681907766657936,0.7786641639292976,0.8636363636363636,0.708914839077186,14.188442468643188,Completed,AE,50000,minmax,none,43,0.001,hd-sgd,shuttle
110,0.7499234131710895,0.9488883287669343,0.6500410172272355,0.766640866873065,0.5642267160353176,14.58765959739685,Completed,AE,50000,minmax,none,42,0.0020000000000000005,hd-sgd,shuttle
111,0.8948818210136262,0.9755808168030121,0.851386951805362,0.933718558803535,0.782398177157505,14.739791631698608,Completed,AE,50000,minmax,none,43,0.0020000000000000005,hd-sgd,shuttle
112,0.873907243553003,0.9686909877028683,0.8091745982212514,0.8947550034506556,0.7385360296211906,14.593307971954346,Completed,AE,50000,minmax,none,42,0.004000000000000001,hd-sgd,shuttle
113,0.923852539826859,0.9785040523529392,0.8852459016393441,0.9476763080922977,0.8305326117915124,14.634685277938843,Completed,AE,50000,minmax,none,43,0.004000000000000001,hd-sgd,shuttle
114,0.9226363769201892,0.9762353647503769,0.8860914952410194,0.961038961038961,0.8219880375961265,14.49668025970459,Completed,AE,50000,minmax,none,42,0.008000000000000004,hd-sgd,shuttle
115,0.9342658764605859,0.9789345799813644,0.9062130177514792,0.9427516158818098,0.8724010253489034,14.323785543441772,Completed,AE,50000,minmax,none,43,0.008000000000000004,hd-sgd,shuttle
116,0.9442015381189499,0.9797982406341981,0.9271303824149353,0.9833918875758544,0.8769581315864426,14.160706758499146,Completed,AE,50000,minmax,none,42,0.016,hd-sgd,shuttle
117,0.9376019035301574,0.9792052037742678,0.9140284635492303,0.9324444444444444,0.896325833095984,14.251080513000488,Completed,AE,50000,minmax,none,43,0.016,hd-sgd,shuttle
118,0.943889711426025,0.9810842066106257,0.9341600236197225,0.9696598222494637,0.9011677584733694,14.294201612472534,Completed,AE,50000,minmax,none,42,0.03200000000000001,hd-sgd,shuttle
119,0.9039642495129521,0.9781738043541054,0.8869863013698629,0.8887617958249928,0.8852178866419823,14.353890419006348,Completed,AE,50000,minmax,none,43,0.03200000000000001,hd-sgd,shuttle
120,0.8288148008144589,0.9692370274678589,0.7632689987937273,0.8109580262736302,0.7208772429507263,14.191990613937378,Completed,AE,50000,minmax,none,42,0.06399999999999999,hd-sgd,shuttle
121,0.8423695287177932,0.9755928003749471,0.8075388636676296,0.7810005321979776,0.8359441754485901,14.052593469619751,Completed,AE,50000,minmax,none,43,0.06399999999999999,hd-sgd,shuttle
122,0.6448839811009459,0.9460179196511622,0.5693670886075949,0.5124174071542492,0.6405582455140986,14.199461460113525,Completed,AE,50000,minmax,none,42,0.128,hd-sgd,shuttle
123,0.7097311424371936,0.9643000457487542,0.6779865125240848,0.5873148341331108,0.8017658786670464,14.21557879447937,Completed,AE,50000,minmax,none,43,0.128,hd-sgd,shuttle
124,0.5675112817069482,0.9395110775126798,0.5486018641810919,0.42834293026231607,0.7627456565081173,14.098187446594238,Completed,AE,50000,minmax,none,42,0.256,hd-sgd,shuttle
125,0.5583165920676884,0.9405155482597248,0.5601402929647205,0.4391072295002426,0.7732839646824267,14.247112512588501,Completed,AE,50000,minmax,none,43,0.256,hd-sgd,shuttle
126,0.11485986165327525,0.6747390914600581,0.19115608130033337,0.10662103461892852,0.9228140131016804,22.415043115615845,Completed,PW-AE,50000,minmax,none,42,0.001,hd-sgd,shuttle
127,0.8462144884801793,0.9720567531970115,0.7893191667831678,0.7751235584843492,0.804044431785816,22.16289520263672,Completed,PW-AE,50000,minmax,none,43,0.001,hd-sgd,shuttle
128,0.39885697921608443,0.8855912080219006,0.4515935057125676,0.34838410391216945,0.6416975220734833,22.451380491256714,Completed,PW-AE,50000,minmax,none,42,0.0020000000000000005,hd-sgd,shuttle
129,0.8870009216041556,0.9767587931770815,0.8221124150710316,0.8978077571669477,0.7581885502705782,22.231153964996338,Completed,PW-AE,50000,minmax,none,43,0.0020000000000000005,hd-sgd,shuttle
130,0.7880087371729313,0.9590752708646516,0.6775910364145658,0.6665748139983466,0.6889774992879522,22.147775173187256,Completed,PW-AE,50000,minmax,none,42,0.004000000000000001,hd-sgd,shuttle
131,0.9354579089043645,0.9828317650328194,0.8944615384615384,0.9725660756105721,0.8279692395328966,22.216954946517944,Completed,PW-AE,50000,minmax,none,43,0.004000000000000001,hd-sgd,shuttle
132,0.909381813244931,0.9754265423722422,0.8622641509433961,0.9624429624429625,0.780974081458274,22.380939960479736,Completed,PW-AE,50000,minmax,none,42,0.008000000000000004,hd-sgd,shuttle
133,0.9512461630992317,0.98311206690337,0.9199757502273416,0.9831551668286362,0.8644260894332099,22.453490257263184,Completed,PW-AE,50000,minmax,none,43,0.008000000000000004,hd-sgd,shuttle
134,0.9456174427802662,0.9811597318543949,0.9187311178247733,0.9781280154390479,0.8661350042722871,22.733178853988647,Completed,PW-AE,50000,minmax,none,42,0.016,hd-sgd,shuttle
135,0.9528544391987009,0.9827460743711471,0.9290132547864507,0.9618786215309546,0.8983195670749075,22.690509796142578,Completed,PW-AE,50000,minmax,none,43,0.016,hd-sgd,shuttle
136,0.9558463832492697,0.9836055114084292,0.9445100354191264,0.9800918836140888,0.9114212475078325,23.217575550079346,Completed,PW-AE,50000,minmax,none,42,0.03200000000000001,hd-sgd,shuttle
137,0.9556615460227345,0.9835235757659087,0.940864960282436,0.9729236385762093,0.9108516092281401,23.193254947662354,Completed,PW-AE,50000,minmax,none,43,0.03200000000000001,hd-sgd,shuttle
138,0.9585323777705052,0.9850530994071782,0.9556794834164954,0.9857705116560702,0.9273711193392196,23.284807205200195,Completed,PW-AE,50000,minmax,none,42,0.06399999999999999,hd-sgd,shuttle
139,0.958213912094955,0.9845707450169177,0.9496678966789668,0.9856004901960784,0.9162631728852179,23.159316062927246,Completed,PW-AE,50000,minmax,none,43,0.06399999999999999,hd-sgd,shuttle
140,0.959822936043596,0.9858960668429897,0.9607498535442297,0.9888453421766656,0.9342067786955284,23.46241307258606,Completed,PW-AE,50000,minmax,none,42,0.128,hd-sgd,shuttle
141,0.9595307629497496,0.9853309958162089,0.9559729967713532,0.9860732667272177,0.9276559384790658,23.250611543655396,Completed,PW-AE,50000,minmax,none,43,0.128,hd-sgd,shuttle
142,0.960514571100037,0.9861257665502969,0.9622586307782328,0.989172932330827,0.9367701509541441,23.77912163734436,Completed,PW-AE,50000,minmax,none,42,0.256,hd-sgd,shuttle
143,0.9603867058596015,0.9858252088193641,0.960362732192482,0.9870715574263379,0.935061236115067,23.704745292663574,Completed,PW-AE,50000,minmax,none,43,0.256,hd-sgd,shuttle
144,0.45230881354181574,0.8959802588708953,0.4889881902330035,0.39028532608695654,0.6545143833665622,22.36333918571472,Completed,DAE,50000,minmax,none,42,0.001,hd-sgd,shuttle
145,0.8822372932200397,0.9757070379293048,0.8148484848484848,0.8705082550987374,0.7658786670464255,22.551158905029297,Completed,DAE,50000,minmax,none,43,0.001,hd-sgd,shuttle
146,0.7903232007163016,0.9577820572639046,0.6838354389374797,0.7927149831017649,0.6012532042153232,22.227524757385254,Completed,DAE,50000,minmax,none,42,0.0020000000000000005,hd-sgd,shuttle
147,0.9323261085893403,0.9813078583003974,0.8921704353176435,0.9698996655518395,0.8259755055539733,21.914361476898193,Completed,DAE,50000,minmax,none,43,0.0020000000000000005,hd-sgd,shuttle
148,0.897933737004711,0.9725210572539454,0.8439705190528461,0.9389392882065597,0.766448305326118,22.13156795501709,Completed,DAE,50000,minmax,none,42,0.004000000000000001,hd-sgd,shuttle
149,0.9458708775397466,0.9813083268967974,0.915989159891599,0.9715745768125199,0.8664198234121333,22.334677696228027,Completed,DAE,50000,minmax,none,43,0.004000000000000001,hd-sgd,shuttle
150,0.9318994290841899,0.9778814876718598,0.8993184634448574,0.9857385398981324,0.8268299629735119,21.981375217437744,Completed,DAE,50000,minmax,none,42,0.008000000000000004,hd-sgd,shuttle
151,0.9456810086823708,0.980715827360739,0.9218289085545723,0.9559498317528297,0.8900598120193677,22.204385995864868,Completed,DAE,50000,minmax,none,43,0.008000000000000004,hd-sgd,shuttle
152,0.9440653794763483,0.9807665544830224,0.9286998202516477,0.9794628751974723,0.8829393335232127,22.329331398010254,Completed,DAE,50000,minmax,none,42,0.016,hd-sgd,shuttle
153,0.944116343118289,0.9811932896045837,0.9280681150910158,0.957588609512269,0.9003133010538308,22.139795541763306,Completed,DAE,50000,minmax,none,43,0.016,hd-sgd,shuttle
154,0.9409114473315426,0.9831174776298014,0.9277834975731726,0.9592457420924574,0.8983195670749075,21.98905086517334,Completed,DAE,50000,minmax,none,42,0.03200000000000001,hd-sgd,shuttle
155,0.9301985997960068,0.982249943246728,0.9023147474159267,0.9228707564026206,0.8826545143833666,22.466926097869873,Completed,DAE,50000,minmax,none,43,0.03200000000000001,hd-sgd,shuttle
156,0.864844639221908,0.9782429691827389,0.7819933754893105,0.8294474608751198,0.7396753061805753,22.20207905769348,Completed,DAE,50000,minmax,none,42,0.06399999999999999,hd-sgd,shuttle
157,0.8070596650316961,0.973463816979092,0.721972443799855,0.7355200945626478,0.708914839077186,22.324068784713745,Completed,DAE,50000,minmax,none,43,0.06399999999999999,hd-sgd,shuttle
158,0.6996500614846166,0.9618829567903011,0.6241555783009213,0.48713852053043616,0.8684135573910566,22.193915843963623,Completed,DAE,50000,minmax,none,42,0.128,hd-sgd,shuttle
159,0.6489530966217112,0.9586358461525795,0.6184437455615299,0.4803025527891585,0.8681287382512105,22.35394048690796,Completed,DAE,50000,minmax,none,43,0.128,hd-sgd,shuttle
160,0.5623410908480431,0.9471991387123194,0.5795335554497858,0.4352301973119817,0.8669894616918257,22.592596292495728,Completed,DAE,50000,minmax,none,42,0.256,hd-sgd,shuttle
161,0.5687573433753521,0.9485344635095423,0.5797395881429495,0.4289423339710303,0.8940472799772144,22.28238868713379,Completed,DAE,50000,minmax,none,43,0.256,hd-sgd,shuttle
162,0.5614435190917234,0.974814143992465,0.5466063348416289,0.5364120781527532,0.5571955719557196,17.41744637489319,Completed,AE,50000,minmax,none,42,0.001,adam,covertype
163,0.4036312431151843,0.9621260142602639,0.4506001846722068,0.4510166358595194,0.45018450184501846,17.442979097366333,Completed,AE,50000,minmax,none,43,0.001,adam,covertype
164,0.3551516684282887,0.9629822702448787,0.40743871513102276,0.37597503900156004,0.4446494464944649,17.750136137008667,Completed,AE,50000,minmax,none,42,0.0020000000000000005,adam,covertype
165,0.23739615892892313,0.9523097162913884,0.35252808988764045,0.28458049886621317,0.46309963099630996,17.417452096939087,Completed,AE,50000,minmax,none,43,0.0020000000000000005,adam,covertype
166,0.15792763462722004,0.9356510925293651,0.2677966101694915,0.19299674267100977,0.43726937269372695,17.595329761505127,Completed,AE,50000,minmax,none,42,0.004000000000000001,adam,covertype
167,0.1490565153510997,0.9317054434647222,0.2668918918918919,0.1920583468395462,0.43726937269372695,17.81087899208069,Completed,AE,50000,minmax,none,43,0.004000000000000001,adam,covertype
168,0.186929366496323,0.9252686203314782,0.28803905614320585,0.2576419213973799,0.32656826568265684,17.71274209022522,Completed,AE,50000,minmax,none,42,0.008000000000000004,adam,covertype
169,0.17150846864762728,0.9143948072381366,0.2810408921933086,0.23536737235367372,0.34870848708487084,17.490826845169067,Completed,AE,50000,minmax,none,43,0.008000000000000004,adam,covertype
170,0.18671781121931,0.8854305020667579,0.2743614001892148,0.2815533980582524,0.26752767527675275,17.446240663528442,Completed,AE,50000,minmax,none,42,0.016,adam,covertype
171,0.18932884606153938,0.9023142973149978,0.28161434977578476,0.27399650959860383,0.2896678966789668,17.689873695373535,Completed,AE,50000,minmax,none,43,0.016,adam,covertype
172,0.141846445811236,0.8562790389519813,0.2355808285946385,0.2104499274310595,0.26752767527675275,17.53233313560486,Completed,AE,50000,minmax,none,42,0.03200000000000001,adam,covertype
173,0.13238599523985392,0.8636017753480943,0.2228696285506191,0.18411552346570398,0.2822878228782288,17.75840139389038,Completed,AE,50000,minmax,none,43,0.03200000000000001,adam,covertype
174,0.10395694576250739,0.7999517351111883,0.24263261296660116,0.16532797858099063,0.45571955719557194,17.930399179458618,Completed,AE,50000,minmax,none,42,0.06399999999999999,adam,covertype
175,0.07528736101432726,0.7855818325258346,0.1840220385674931,0.1311861743912019,0.3081180811808118,17.82854461669922,Completed,AE,50000,minmax,none,43,0.06399999999999999,adam,covertype
176,0.25812138889423664,0.8905611738999837,0.3582842724978974,0.32921174652241114,0.3929889298892989,16.900756359100342,Completed,AE,50000,minmax,none,42,0.128,adam,covertype
177,0.053531675242179555,0.7649257060931643,0.16082802547770703,0.14145658263305322,0.1863468634686347,17.094314336776733,Completed,AE,50000,minmax,none,43,0.128,adam,covertype
178,0.04395436826361533,0.6165267290790097,0.11267605633802814,0.09417596034696406,0.14022140221402213,17.068702220916748,Completed,AE,50000,minmax,none,42,0.256,adam,covertype
179,0.02284999361326786,0.3675244446851844,0.052873563218390804,0.0701219512195122,0.042435424354243544,16.919008255004883,Completed,AE,50000,minmax,none,43,0.256,adam,covertype
180,0.6185848425904571,0.9900005356962464,0.558180227471566,0.5307820299500832,0.5885608856088561,25.665579795837402,Completed,PW-AE,50000,minmax,none,42,0.001,adam,covertype
181,0.46328710999730877,0.9827734859903493,0.5489539748953974,0.5022970903522205,0.6051660516605166,25.92389416694641,Completed,PW-AE,50000,minmax,none,43,0.001,adam,covertype
182,0.3352097713208282,0.9678692674346371,0.4269662921348315,0.4016260162601626,0.45571955719557194,25.793754816055298,Completed,PW-AE,50000,minmax,none,42,0.0020000000000000005,adam,covertype
183,0.434679991057045,0.9837972776185362,0.4968268359020852,0.48841354723707664,0.5055350553505535,25.66073489189148,Completed,PW-AE,50000,minmax,none,43,0.0020000000000000005,adam,covertype
184,0.0198342319893843,0.7516931508026714,0.05341920818336807,0.02765609676364825,0.7804428044280443,25.669631481170654,Completed,PW-AE,50000,minmax,none,42,0.004000000000000001,adam,covertype
185,0.02604874468571889,0.7640019285064863,0.05182849936948297,0.02683117900509205,0.7583025830258303,25.769438982009888,Completed,PW-AE,50000,minmax,none,43,0.004000000000000001,adam,covertype
186,0.026361419822271734,0.7226525201076347,0.04266064904362776,0.02197011621472053,0.7324723247232472,25.97845697402954,Completed,PW-AE,50000,minmax,none,42,0.008000000000000004,adam,covertype
187,0.015824693644312892,0.6891222251419409,0.03986679799258947,0.020453342316762116,0.7841328413284133,25.94308876991272,Completed,PW-AE,50000,minmax,none,43,0.008000000000000004,adam,covertype
188,0.0279872319010254,0.7604536123609447,0.0576271186440678,0.03529900332225914,0.15682656826568267,25.94307518005371,Completed,PW-AE,50000,minmax,none,42,0.016,adam,covertype
189,0.01763713651556307,0.6955284956828702,0.03926122539261225,0.020237145137384564,0.6549815498154982,26.11340308189392,Completed,PW-AE,50000,minmax,none,43,0.016,adam,covertype
190,0.07177724610879989,0.8495402711518321,0.18310810810810813,0.11207609594706369,0.5,25.708914279937744,Completed,PW-AE,50000,minmax,none,42,0.03200000000000001,adam,covertype
191,0.12165408677923308,0.9151249731592305,0.25646026328620186,0.17428760768721008,0.48523985239852396,26.390602588653564,Completed,PW-AE,50000,minmax,none,43,0.03200000000000001,adam,covertype
192,0.3098360214626135,0.9467901797178836,0.5081669691470054,0.5,0.5166051660516605,25.89278507232666,Completed,PW-AE,50000,minmax,none,42,0.06399999999999999,adam,covertype
193,0.08560743416800332,0.8290210904656662,0.18995290423861852,0.16530054644808742,0.22324723247232472,25.99439835548401,Completed,PW-AE,50000,minmax,none,43,0.06399999999999999,adam,covertype
194,0.30955473381699544,0.952127669099086,0.47821878025169406,0.5030549898167006,0.45571955719557194,26.08449912071228,Completed,PW-AE,50000,minmax,none,42,0.128,adam,covertype
195,0.5396287703885375,0.9765372878161632,0.6074866310160428,0.72264631043257,0.5239852398523985,25.927855968475342,Completed,PW-AE,50000,minmax,none,43,0.128,adam,covertype
196,0.42280424998272503,0.9399070798302306,0.5049833887043189,0.631578947368421,0.42066420664206644,25.580448150634766,Completed,PW-AE,50000,minmax,none,42,0.256,adam,covertype
197,0.5740186648834801,0.9628186142955691,0.5811577752553916,0.7551622418879056,0.47232472324723246,25.562930583953857,Completed,PW-AE,50000,minmax,none,43,0.256,adam,covertype
198,0.7802905973582737,0.9955743879894214,0.7324444444444445,0.7066895368782161,0.7601476014760148,23.935450077056885,Completed,DAE,50000,minmax,none,42,0.001,adam,covertype
199,0.7611563740395064,0.9951970504176715,0.7192982456140351,0.68561872909699,0.7564575645756457,24.036583423614502,Completed,DAE,50000,minmax,none,43,0.001,adam,covertype
200,0.5147576826695699,0.984468725859162,0.48577235772357724,0.5407239819004525,0.44095940959409596,23.9536292552948,Completed,DAE,50000,minmax,none,42,0.0020000000000000005,adam,covertype
201,0.48347913655306035,0.9862317857680578,0.4733333333333333,0.3705636743215031,0.6549815498154982,24.23808217048645,Completed,DAE,50000,minmax,none,43,0.0020000000000000005,adam,covertype
202,0.3357633008663842,0.9722766747259856,0.35211970074812965,0.24128503075871496,0.6512915129151291,23.89276671409607,Completed,DAE,50000,minmax,none,42,0.004000000000000001,adam,covertype
203,0.3428720117698759,0.975747658119551,0.3782312925170068,0.2995689655172414,0.5129151291512916,23.957971572875977,Completed,DAE,50000,minmax,none,43,0.004000000000000001,adam,covertype
204,0.3025845734240103,0.9567326050550327,0.3211009174311927,0.2741514360313316,0.3874538745387454,23.884756326675415,Completed,DAE,50000,minmax,none,42,0.008000000000000004,adam,covertype
205,0.29072574396667095,0.9565648828876981,0.313543599257885,0.31529850746268656,0.3118081180811808,23.88586711883545,Completed,DAE,50000,minmax,none,43,0.008000000000000004,adam,covertype
206,0.2573184104518869,0.9380029706520527,0.3039140445126631,0.26018396846254926,0.36531365313653136,24.085484743118286,Completed,DAE,50000,minmax,none,42,0.016,adam,covertype
207,0.25216334440478744,0.9338754236141172,0.3090062111801242,0.2667560321715818,0.3671586715867159,24.24381375312805,Completed,DAE,50000,minmax,none,43,0.016,adam,covertype
208,0.1815154531433577,0.8992573220649105,0.2693227091633466,0.2370266479663394,0.3118081180811808,24.27260446548462,Completed,DAE,50000,minmax,none,42,0.03200000000000001,adam,covertype
209,0.19729409199510478,0.8976900001924927,0.2776162790697674,0.2290167865707434,0.35239852398523985,24.167892932891846,Completed,DAE,50000,minmax,none,43,0.03200000000000001,adam,covertype
210,0.47264838936289943,0.9436644145041476,0.56289592760181,0.5523978685612788,0.5738007380073801,24.456601858139038,Completed,DAE,50000,minmax,none,42,0.06399999999999999,adam,covertype
211,0.4845454836717209,0.9430409401752637,0.5666666666666668,0.5167173252279635,0.6273062730627307,24.34414005279541,Completed,DAE,50000,minmax,none,43,0.06399999999999999,adam,covertype
212,0.4626438521381863,0.9324227019414437,0.5273522975929977,0.6478494623655914,0.4446494464944649,24.412979125976562,Completed,DAE,50000,minmax,none,42,0.128,adam,covertype
213,0.5078393533061826,0.963465217571016,0.5550847457627119,0.6517412935323383,0.4833948339483395,24.456533193588257,Completed,DAE,50000,minmax,none,43,0.128,adam,covertype
214,0.49998067232224974,0.9584484371472369,0.5422612513721186,0.6693766937669376,0.45571955719557194,24.565359354019165,Completed,DAE,50000,minmax,none,42,0.256,adam,covertype
215,0.17098624371009463,0.7522806260453725,0.2946518668012109,0.32516703786191536,0.2693726937269373,24.55383801460266,Completed,DAE,50000,minmax,none,43,0.256,adam,covertype
216,0.13956704159825056,0.960503360216511,0.256,0.18181818181818182,0.43243243243243246,18.859158754348755,Completed,AE,50000,minmax,none,42,0.001,adam,creditcard
217,0.1403063934065275,0.9613463961433952,0.2689486552567237,0.210727969348659,0.3716216216216216,19.066360235214233,Completed,AE,50000,minmax,none,43,0.001,adam,creditcard
218,0.12362936983453035,0.9587104857404946,0.23673469387755103,0.1695906432748538,0.3918918918918919,18.879157781600952,Completed,AE,50000,minmax,none,42,0.0020000000000000005,adam,creditcard
219,0.13611100403144863,0.9576389355736221,0.23445825932504438,0.15903614457831325,0.44594594594594594,18.605138301849365,Completed,AE,50000,minmax,none,43,0.0020000000000000005,adam,creditcard
220,0.1737007958157999,0.9600445697643403,0.27218934911242604,0.24210526315789474,0.3108108108108108,18.507099866867065,Completed,AE,50000,minmax,none,42,0.004000000000000001,adam,creditcard
221,0.1772158984383255,0.953245390138594,0.3073770491803279,0.22058823529411764,0.5067567567567568,18.5995831489563,Completed,AE,50000,minmax,none,43,0.004000000000000001,adam,creditcard
222,0.20141005425767444,0.9632700631707692,0.3351063829787234,0.27631578947368424,0.42567567567567566,18.607717275619507,Completed,AE,50000,minmax,none,42,0.008000000000000004,adam,creditcard
223,0.1692517096670065,0.9613679464186967,0.31466666666666665,0.2599118942731278,0.39864864864864863,18.600003719329834,Completed,AE,50000,minmax,none,43,0.008000000000000004,adam,creditcard
224,0.20882519579394823,0.9579921432304486,0.3080357142857143,0.23,0.46621621621621623,18.3287570476532,Completed,AE,50000,minmax,none,42,0.016,adam,creditcard
225,0.2167161540077353,0.9596456863667808,0.3333333333333333,0.24522292993630573,0.5202702702702703,18.577271699905396,Completed,AE,50000,minmax,none,43,0.016,adam,creditcard
226,0.18323244079175982,0.9421112167692044,0.24949698189134809,0.17765042979942694,0.4189189189189189,18.93781328201294,Completed,AE,50000,minmax,none,42,0.03200000000000001,adam,creditcard
227,0.15116775401945842,0.9431572861074183,0.26519337016574585,0.18227848101265823,0.4864864864864865,18.742562294006348,Completed,AE,50000,minmax,none,43,0.03200000000000001,adam,creditcard
228,0.05606938012475533,0.8968862698452283,0.11442786069651742,0.06301369863013699,0.6216216216216216,18.607950448989868,Completed,AE,50000,minmax,none,42,0.06399999999999999,adam,creditcard
229,0.06679284914469877,0.9200038871817336,0.19127988748241914,0.12078152753108348,0.4594594594594595,18.756861209869385,Completed,AE,50000,minmax,none,43,0.06399999999999999,adam,creditcard
230,0.43594456877118215,0.9335712086153393,0.5418060200668896,0.5364238410596026,0.5472972972972973,18.684853553771973,Completed,AE,50000,minmax,none,42,0.128,adam,creditcard
231,0.5380166305257476,0.927823113171745,0.5859375000000001,0.6944444444444444,0.5067567567567568,18.75294852256775,Completed,AE,50000,minmax,none,43,0.128,adam,creditcard
232,0.5941426125532231,0.9231643231532906,0.6312056737588652,0.664179104477612,0.6013513513513513,18.849571228027344,Completed,AE,50000,minmax,none,42,0.256,adam,creditcard
233,0.5940566641385685,0.9231591727730297,0.6312056737588652,0.664179104477612,0.6013513513513513,18.69041919708252,Completed,AE,50000,minmax,none,43,0.256,adam,creditcard
234,0.5185735555114261,0.980472739850498,0.537878787878788,0.6120689655172413,0.4797297297297297,27.513425827026367,Completed,PW-AE,50000,minmax,none,42,0.001,adam,creditcard
235,0.5242573131736361,0.9768247797263684,0.5403508771929824,0.5620437956204379,0.5202702702702703,27.880592346191406,Completed,PW-AE,50000,minmax,none,43,0.001,adam,creditcard
236,0.43101473978901994,0.9520705612938622,0.46846846846846846,0.7027027027027027,0.35135135135135137,27.709863424301147,Completed,PW-AE,50000,minmax,none,42,0.0020000000000000005,adam,creditcard
237,0.41135262599973843,0.9687591487017788,0.45493562231759654,0.6235294117647059,0.3581081081081081,27.53275489807129,Completed,PW-AE,50000,minmax,none,43,0.0020000000000000005,adam,creditcard
238,0.2545388974304253,0.9126121427533609,0.37837837837837834,0.44144144144144143,0.3310810810810811,27.681918382644653,Completed,PW-AE,50000,minmax,none,42,0.004000000000000001,adam,creditcard
239,0.22411387953775394,0.9242323493757739,0.34558823529411764,0.3790322580645161,0.31756756756756754,27.69337296485901,Completed,PW-AE,50000,minmax,none,43,0.004000000000000001,adam,creditcard
240,0.14168949749854393,0.8846253830256477,0.22813688212927757,0.2608695652173913,0.20270270270270271,27.163233518600464,Completed,PW-AE,50000,minmax,none,42,0.008000000000000004,adam,creditcard
241,0.10194812736529345,0.870080980242057,0.18536585365853658,0.3333333333333333,0.12837837837837837,27.426584720611572,Completed,PW-AE,50000,minmax,none,43,0.008000000000000004,adam,creditcard
242,0.07414716683077678,0.8934460869037216,0.17480719794344474,0.14107883817427386,0.22972972972972974,27.293269395828247,Completed,PW-AE,50000,minmax,none,42,0.016,adam,creditcard
243,0.07039787066621382,0.8886346829859628,0.14173228346456693,0.16981132075471697,0.12162162162162163,27.451303005218506,Completed,PW-AE,50000,minmax,none,43,0.016,adam,creditcard
244,0.09921015949565687,0.9234263148649733,0.277526395173454,0.1786407766990291,0.6216216216216216,27.24280834197998,Completed,PW-AE,50000,minmax,none,42,0.03200000000000001,adam,creditcard
245,0.12342249851657693,0.9061573609234687,0.3479923518164436,0.24266666666666667,0.6148648648648649,27.28987193107605,Completed,PW-AE,50000,minmax,none,43,0.03200000000000001,adam,creditcard
246,0.3621759754097328,0.9269933598044807,0.5093632958801498,0.5714285714285714,0.4594594594594595,27.09510064125061,Completed,PW-AE,50000,minmax,none,42,0.06399999999999999,adam,creditcard
247,0.15024538219118005,0.918638765340001,0.30498533724340177,0.2694300518134715,0.35135135135135137,27.138708353042603,Completed,PW-AE,50000,minmax,none,43,0.06399999999999999,adam,creditcard
248,0.4544036141993187,0.9019309317742681,0.5625,0.6666666666666666,0.4864864864864865,27.051941633224487,Completed,PW-AE,50000,minmax,none,42,0.128,adam,creditcard
249,0.5524772010107741,0.9329752554046464,0.6130268199233716,0.7079646017699115,0.5405405405405406,27.178911447525024,Completed,PW-AE,50000,minmax,none,43,0.128,adam,creditcard
250,0.5941426125532231,0.9231643231532906,0.6312056737588652,0.664179104477612,0.6013513513513513,27.455082654953003,Completed,PW-AE,50000,minmax,none,42,0.256,adam,creditcard
251,0.5940566641385685,0.9231591727730297,0.6312056737588652,0.664179104477612,0.6013513513513513,28.041905879974365,Completed,PW-AE,50000,minmax,none,43,0.256,adam,creditcard
252,0.37858626092677516,0.9789602900260447,0.4595300261096606,0.37446808510638296,0.5945945945945946,26.218241930007935,Completed,DAE,50000,minmax,none,42,0.001,adam,creditcard
253,0.3480208806404727,0.9774252056357087,0.46009389671361506,0.35251798561151076,0.6621621621621622,26.103262424468994,Completed,DAE,50000,minmax,none,43,0.001,adam,creditcard
254,0.3104499539502491,0.9804315368084123,0.40731070496083543,0.33191489361702126,0.527027027027027,28.298864364624023,Completed,DAE,50000,minmax,none,42,0.0020000000000000005,adam,creditcard
255,0.2491648607379219,0.9760161700254376,0.3480083857442348,0.25227963525835867,0.5608108108108109,28.43546199798584,Completed,DAE,50000,minmax,none,43,0.0020000000000000005,adam,creditcard
256,0.22928644788054323,0.9761492666942799,0.33408577878103835,0.25084745762711863,0.5,28.29889488220215,Completed,DAE,50000,minmax,none,42,0.004000000000000001,adam,creditcard
257,0.20065107183760114,0.9734923481613685,0.3143939393939394,0.21842105263157896,0.5608108108108109,28.286489486694336,Completed,DAE,50000,minmax,none,43,0.004000000000000001,adam,creditcard
258,0.20734198591557262,0.9694856233911838,0.326963906581741,0.23839009287925697,0.5202702702702703,28.300148963928223,Completed,DAE,50000,minmax,none,42,0.008000000000000004,adam,creditcard
259,0.20664822804317778,0.9629133315695539,0.3072100313479624,0.28654970760233917,0.3310810810810811,28.260597467422485,Completed,DAE,50000,minmax,none,43,0.008000000000000004,adam,creditcard
260,0.16820005031514945,0.9365326772652457,0.2987951807228916,0.23220973782771537,0.4189189189189189,28.63841938972473,Completed,DAE,50000,minmax,none,42,0.016,adam,creditcard
261,0.2043948828763065,0.9515719231628321,0.33707865168539325,0.25252525252525254,0.5067567567567568,28.288841724395752,Completed,DAE,50000,minmax,none,43,0.016,adam,creditcard
262,0.28756122516064114,0.9525406012608132,0.37762237762237766,0.391304347826087,0.36486486486486486,28.35625648498535,Completed,DAE,50000,minmax,none,42,0.03200000000000001,adam,creditcard
263,0.24976170880145257,0.94145074826893,0.35761589403973504,0.35064935064935066,0.36486486486486486,28.17426609992981,Completed,DAE,50000,minmax,none,43,0.03200000000000001,adam,creditcard
264,0.22377520650051547,0.9087409543058264,0.38869257950530034,0.4074074074074074,0.3716216216216216,26.333141565322876,Completed,DAE,50000,minmax,none,42,0.06399999999999999,adam,creditcard
265,0.38668976966343854,0.9325508911784287,0.5501618122977346,0.5279503105590062,0.5743243243243243,26.412331581115723,Completed,DAE,50000,minmax,none,43,0.06399999999999999,adam,creditcard
266,0.4866571150224014,0.9070153058458442,0.5714285714285715,0.5287356321839081,0.6216216216216216,26.723180770874023,Completed,DAE,50000,minmax,none,42,0.128,adam,creditcard
267,0.46829237902123233,0.8941771698280966,0.5448028673835126,0.5801526717557252,0.5135135135135135,26.312875986099243,Completed,DAE,50000,minmax,none,43,0.128,adam,creditcard
268,0.5941426125532231,0.9231643231532906,0.6312056737588652,0.664179104477612,0.6013513513513513,26.348010540008545,Completed,DAE,50000,minmax,none,42,0.256,adam,creditcard
269,0.5940566641385685,0.9231591727730297,0.6312056737588652,0.664179104477612,0.6013513513513513,26.420673370361328,Completed,DAE,50000,minmax,none,43,0.256,adam,creditcard
270,0.4571526072026321,0.8443703946892508,0.48976327575175943,0.5585552717986136,0.43605810310452864,16.042325973510742,Completed,AE,50000,minmax,none,42,0.001,adam,shuttle
271,0.5475555126554681,0.8998496717757127,0.5673871582962492,0.6418554476806904,0.5084021646254628,16.180199146270752,Completed,AE,50000,minmax,none,43,0.001,adam,shuttle
272,0.4161562174626466,0.8297430768411999,0.4536661466458658,0.501552259399793,0.4141270293363714,16.20758056640625,Completed,AE,50000,minmax,none,42,0.0020000000000000005,adam,shuttle
273,0.44158360557056514,0.8620937664395332,0.49019042123485285,0.49663840982168955,0.4839077185986898,15.973515748977661,Completed,AE,50000,minmax,none,43,0.0020000000000000005,adam,shuttle
274,0.45009391275980026,0.8567474626410895,0.489476678043231,0.48878159613746097,0.4901737396753062,15.964368104934692,Completed,AE,50000,minmax,none,42,0.004000000000000001,adam,shuttle
275,0.45468784828905523,0.8636215094144828,0.4984334947308459,0.4984334947308459,0.4984334947308459,15.90839672088623,Completed,AE,50000,minmax,none,43,0.004000000000000001,adam,shuttle
276,0.36933919229503476,0.8284708751030273,0.41098757357750165,0.3800193517174649,0.4474508686983765,16.058571815490723,Completed,AE,50000,minmax,none,42,0.008000000000000004,adam,shuttle
277,0.4226854860293482,0.8555772774631637,0.4612087441063009,0.46272935779816515,0.459698091711763,15.854697227478027,Completed,AE,50000,minmax,none,43,0.008000000000000004,adam,shuttle
278,0.3779524015384391,0.8226283402129324,0.4121112481161803,0.39704329461457233,0.4283679863286813,15.968111038208008,Completed,AE,50000,minmax,none,42,0.016,adam,shuttle
279,0.37235066246187826,0.8310771083123591,0.418005540166205,0.4068482070638986,0.4297920820279123,15.88660216331482,Completed,AE,50000,minmax,none,43,0.016,adam,shuttle
280,0.42621297784536766,0.8525899879093382,0.4572542467279309,0.44728956687551075,0.46767302762745655,15.786895751953125,Completed,AE,50000,minmax,none,42,0.03200000000000001,adam,shuttle
281,0.4028707321250665,0.845218048089062,0.4387997208653175,0.4302134646962233,0.4477356878382227,15.941913843154907,Completed,AE,50000,minmax,none,43,0.03200000000000001,adam,shuttle
282,0.07018899548068225,0.1575105387642748,0.13471882169227506,0.07224979321753515,0.9951580746226146,15.898587465286255,Completed,AE,50000,minmax,none,42,0.06399999999999999,adam,shuttle
283,0.3008564321950176,0.8014234846495255,0.35921036696136616,0.31247366203118415,0.42238678439191113,16.10156798362732,Completed,AE,50000,minmax,none,43,0.06399999999999999,adam,shuttle
284,0.15417243152129423,0.2809287900542301,0.23793250747543784,0.47566182749786506,0.1586442608943321,15.745001077651978,Completed,AE,50000,minmax,none,42,0.128,adam,shuttle
285,0.41633294267965243,0.8206989476436991,0.649628818303517,0.5671483212919677,0.7601822842495015,15.608721017837524,Completed,AE,50000,minmax,none,43,0.128,adam,shuttle
286,0.35247319029656404,0.4658767914112353,0.4527592687510678,0.5657557643040136,0.3773853602962119,15.501941204071045,Completed,AE,50000,minmax,none,42,0.256,adam,shuttle
287,0.27459923615116083,0.3791124816674155,0.3431057310383961,0.5106981981981982,0.2583309598405013,15.55485200881958,Completed,AE,50000,minmax,none,43,0.256,adam,shuttle
288,0.9536760393897671,0.9862564737061251,0.952255031585133,0.9833131067961165,0.9230988322415267,24.0686936378479,Completed,PW-AE,50000,minmax,none,42,0.001,adam,shuttle
289,0.9540154150589395,0.9861412739671594,0.9489826010026541,0.9837970039743198,0.9165479920250641,24.223320484161377,Completed,PW-AE,50000,minmax,none,43,0.001,adam,shuttle
290,0.9496374619192525,0.9860709657633097,0.9481760277938622,0.9640859581984104,0.9327826829962973,23.924062490463257,Completed,PW-AE,50000,minmax,none,42,0.0020000000000000005,adam,shuttle
291,0.9454493684167966,0.9856786443613614,0.9423160329622668,0.9568408690546095,0.9282255767587582,24.20358395576477,Completed,PW-AE,50000,minmax,none,43,0.0020000000000000005,adam,shuttle
292,0.8738520999077644,0.9793650076425573,0.8422818791946308,0.9067323481116585,0.7863856451153518,24.20944595336914,Completed,PW-AE,50000,minmax,none,42,0.004000000000000001,adam,shuttle
293,0.9301220113359471,0.9843280745612598,0.9310797027538977,0.9531622911694511,0.9099971518086015,24.123217821121216,Completed,PW-AE,50000,minmax,none,43,0.004000000000000001,adam,shuttle
294,0.9217462824085734,0.9838079263093549,0.9120425029515938,0.9464012251148545,0.8800911421247508,26.004042625427246,Completed,PW-AE,50000,minmax,none,42,0.008000000000000004,adam,shuttle
295,0.8972695420744033,0.980847915313959,0.8483202287348106,0.8516073478760046,0.8450583879236685,26.03546142578125,Completed,PW-AE,50000,minmax,none,43,0.008000000000000004,adam,shuttle
296,0.8250435263267207,0.969512593390794,0.7650568181818183,0.7631056956644942,0.7670179436058103,25.770715475082397,Completed,PW-AE,50000,minmax,none,42,0.016,adam,shuttle
297,0.8501981956391443,0.968649520045448,0.7998823702396707,0.8267477203647416,0.7747080603816576,25.71034550666809,Completed,PW-AE,50000,minmax,none,43,0.016,adam,shuttle
298,0.959597912315544,0.9795374886054538,0.9559471365638766,0.9866626250378903,0.9270863001993734,26.43195390701294,Completed,PW-AE,50000,minmax,none,42,0.03200000000000001,adam,shuttle
299,0.2565061257290214,0.462877668236323,0.3948524795982423,0.4397063963649074,0.35830247792651665,26.502016067504883,Completed,PW-AE,50000,minmax,none,43,0.03200000000000001,adam,shuttle
300,0.10577758202767851,0.253024811629558,0.1727253624711074,0.3293269230769231,0.11706066647678724,26.327378273010254,Completed,PW-AE,50000,minmax,none,42,0.06399999999999999,adam,shuttle
301,0.16483747970971863,0.44664180265011383,0.24091233071988596,0.2411529680365297,0.24067217317003703,26.55702018737793,Completed,PW-AE,50000,minmax,none,43,0.06399999999999999,adam,shuttle
302,0.06228996561893187,0.10196668909389864,0.13467560661658756,0.07220848784507622,0.9982910851609228,26.62644910812378,Completed,PW-AE,50000,minmax,none,42,0.128,adam,shuttle
303,0.12643866103140036,0.4184179415789747,0.1690737531292124,0.2609988109393579,0.12503560239248077,26.400291442871094,Completed,PW-AE,50000,minmax,none,43,0.128,adam,shuttle
304,0.6935885952382941,0.9470986778921204,0.7184319638145494,0.6427607913669064,0.8142979208202791,25.569111347198486,Completed,PW-AE,50000,minmax,none,42,0.256,adam,shuttle
305,0.8039794566644051,0.9511807398432387,0.7777047456290258,0.72216796875,0.8424950156650527,25.57328462600708,Completed,PW-AE,50000,minmax,none,43,0.256,adam,shuttle
306,0.615845978489057,0.9547057343940873,0.5987221764220939,0.46907799128047795,0.8273996012532042,23.90046715736389,Completed,DAE,50000,minmax,none,42,0.001,adam,shuttle
307,0.5278003516467569,0.9430269750454172,0.5565994709477333,0.40942028985507245,0.8689831956707491,23.894749641418457,Completed,DAE,50000,minmax,none,43,0.001,adam,shuttle
308,0.533071241459661,0.9431763448338679,0.5552158960641957,0.4177087825212017,0.8276844203930505,23.980180501937866,Completed,DAE,50000,minmax,none,42,0.0020000000000000005,adam,shuttle
309,0.5735598518484482,0.9479683428268257,0.5650467853908844,0.4368388301182327,0.7997721446881231,23.981066703796387,Completed,DAE,50000,minmax,none,43,0.0020000000000000005,adam,shuttle
310,0.5345656187478555,0.9417773159180586,0.547706163805235,0.4083659764969222,0.831387069211051,24.112521409988403,Completed,DAE,50000,minmax,none,42,0.004000000000000001,adam,shuttle
311,0.5973764208943134,0.9498250404745454,0.5736863711001642,0.44841970158832023,0.7960694958701224,23.952295780181885,Completed,DAE,50000,minmax,none,43,0.004000000000000001,adam,shuttle
312,0.5554542273657668,0.9424355501571029,0.5563990163583877,0.4453954125299555,0.7410994018798063,24.0301251411438,Completed,DAE,50000,minmax,none,42,0.008000000000000004,adam,shuttle
313,0.6244916714847534,0.9486655392945385,0.5858942658660073,0.4993978321959053,0.7086300199373398,23.677410125732422,Completed,DAE,50000,minmax,none,43,0.008000000000000004,adam,shuttle
314,0.5882090029070743,0.9291738784173282,0.5691013486446788,0.5356963298139769,0.6069495870122472,24.114925384521484,Completed,DAE,50000,minmax,none,42,0.016,adam,shuttle
315,0.5678722858825678,0.9299553035259455,0.547607421875,0.4791711172826319,0.6388493306750214,24.41067600250244,Completed,DAE,50000,minmax,none,43,0.016,adam,shuttle
316,0.5001736099100069,0.9091991946189939,0.5070265447245149,0.4166819431714024,0.6473939048704073,24.39904475212097,Completed,DAE,50000,minmax,none,42,0.03200000000000001,adam,shuttle
317,0.6328747622313758,0.9289908696553129,0.6013824884792626,0.6082143897465774,0.5947023639988607,24.271575927734375,Completed,DAE,50000,minmax,none,43,0.03200000000000001,adam,shuttle
318,0.5131760485658099,0.8794731259527266,0.5035735556879094,0.527613104524181,0.48162916547992024,24.320359230041504,Completed,DAE,50000,minmax,none,42,0.06399999999999999,adam,shuttle
319,0.4968867690564451,0.8738431338937487,0.495685807795299,0.5188414824042354,0.4745086869837653,24.18634033203125,Completed,DAE,50000,minmax,none,43,0.06399999999999999,adam,shuttle
320,0.05362134019231672,0.13255887385813522,0.13348033531659287,0.07151295421215578,1.0,24.297501802444458,Completed,DAE,50000,minmax,none,42,0.128,adam,shuttle
321,0.3416276096919362,0.5571563336182941,0.5552542372881356,0.6856425282544998,0.46653375106807177,24.22305989265442,Completed,DAE,50000,minmax,none,43,0.128,adam,shuttle
322,0.7262432938361257,0.9512515791230082,0.7251995438996579,0.6531264262893656,0.8151523782398177,24.286296129226685,Completed,DAE,50000,minmax,none,42,0.256,adam,shuttle
323,0.6991907530230488,0.9457204359126131,0.7204450625869262,0.6477944520236472,0.8114497294218171,24.281391382217407,Completed,DAE,50000,minmax,none,43,0.256,adam,shuttle
324,0.5861821536074823,0.9833731598871248,0.5857642940490082,0.7968253968253968,0.46309963099630996,11.107939004898071,Completed,AE,50000,minmax,none,42,0.001,sgd,covertype
325,0.5585531424620043,0.9771266282964903,0.5429638854296388,0.8352490421455939,0.4022140221402214,11.08246660232544,Completed,AE,50000,minmax,none,43,0.001,sgd,covertype
326,0.6564274196849229,0.9864023804013365,0.629086809470124,0.808695652173913,0.514760147601476,11.11710000038147,Completed,AE,50000,minmax,none,42,0.0020000000000000005,sgd,covertype
327,0.6409357537174144,0.984286790581117,0.6351351351351351,0.815028901734104,0.5202952029520295,11.125385522842407,Completed,AE,50000,minmax,none,43,0.0020000000000000005,sgd,covertype
328,0.7306807890338632,0.9899173460981243,0.6930693069306931,0.7478632478632479,0.6457564575645757,11.003683090209961,Completed,AE,50000,minmax,none,42,0.004000000000000001,sgd,covertype
329,0.7117455291857945,0.9894183950331558,0.6978723404255319,0.8241206030150754,0.6051660516605166,11.034030675888062,Completed,AE,50000,minmax,none,43,0.004000000000000001,sgd,covertype
330,0.7866949057583188,0.9921642113424654,0.725883476599809,0.7524752475247525,0.7011070110701108,10.80301284790039,Completed,AE,50000,minmax,none,42,0.008000000000000004,sgd,covertype
331,0.7721382295424106,0.9936284228789151,0.7289719626168224,0.833729216152019,0.6476014760147601,11.004374265670776,Completed,AE,50000,minmax,none,43,0.008000000000000004,sgd,covertype
332,0.7898816018141894,0.9937780895460295,0.7361853832442067,0.7120689655172414,0.7619926199261993,11.032034397125244,Completed,AE,50000,minmax,none,42,0.016,sgd,covertype
333,0.7779433989975436,0.995662912167154,0.7136150234741784,0.7265774378585086,0.7011070110701108,10.95393419265747,Completed,AE,50000,minmax,none,43,0.016,sgd,covertype
334,0.7455258541753188,0.9944079429875944,0.6804478897502154,0.6381260096930533,0.7287822878228782,10.862002849578857,Completed,AE,50000,minmax,none,42,0.03200000000000001,sgd,covertype
335,0.7324929016070201,0.9942399596869922,0.66728280961183,0.6685185185185185,0.6660516605166051,11.107054233551025,Completed,AE,50000,minmax,none,43,0.03200000000000001,sgd,covertype
336,0.6842108027498108,0.9899351404650767,0.6466729147141519,0.6571428571428571,0.6365313653136532,11.011984586715698,Completed,AE,50000,minmax,none,42,0.06399999999999999,sgd,covertype
337,0.7340735912918519,0.9913957334405322,0.6871508379888268,0.693609022556391,0.6808118081180812,10.992605686187744,Completed,AE,50000,minmax,none,43,0.06399999999999999,sgd,covertype
338,0.6339721908267314,0.9822958359390703,0.6205450733752621,0.7184466019417476,0.5461254612546126,10.938942909240723,Completed,AE,50000,minmax,none,42,0.128,sgd,covertype
339,0.74575429779217,0.9915340594628801,0.718139534883721,0.724202626641651,0.7121771217712177,10.873739242553711,Completed,AE,50000,minmax,none,43,0.128,sgd,covertype
340,0.5615244321157353,0.9659926891638199,0.5906735751295336,0.6737588652482269,0.525830258302583,10.829925537109375,Completed,AE,50000,minmax,none,42,0.256,sgd,covertype
341,0.6943603376668084,0.9880187580233196,0.6975425330812854,0.7151162790697675,0.6808118081180812,11.064077854156494,Completed,AE,50000,minmax,none,43,0.256,sgd,covertype
342,0.5679125505239412,0.9828095223812846,0.5407319952774499,0.7508196721311475,0.4225092250922509,19.63402557373047,Completed,PW-AE,50000,minmax,none,42,0.001,sgd,covertype
343,0.5013345158228933,0.9663228735283834,0.490566037735849,0.5311827956989247,0.45571955719557194,19.523162126541138,Completed,PW-AE,50000,minmax,none,43,0.001,sgd,covertype
344,0.5605557514245103,0.9805047974657838,0.5556805399325084,0.7118155619596542,0.45571955719557194,19.628488540649414,Completed,PW-AE,50000,minmax,none,42,0.0020000000000000005,sgd,covertype
345,0.5473695066025256,0.9767688384150613,0.5346294046172541,0.7829181494661922,0.4059040590405904,19.45211100578308,Completed,PW-AE,50000,minmax,none,43,0.0020000000000000005,sgd,covertype
346,0.620032396945809,0.9824271486679442,0.608793686583991,0.782608695652174,0.4981549815498155,19.710664987564087,Completed,PW-AE,50000,minmax,none,42,0.004000000000000001,sgd,covertype
347,0.6382457808816415,0.9842525075135502,0.6375442739079102,0.8852459016393442,0.4981549815498155,19.507885694503784,Completed,PW-AE,50000,minmax,none,43,0.004000000000000001,sgd,covertype
348,0.6869555488599384,0.9868318327123585,0.6535044422507404,0.70276008492569,0.6107011070110702,19.716581344604492,Completed,PW-AE,50000,minmax,none,42,0.008000000000000004,sgd,covertype
349,0.7173716623944147,0.9905342547905645,0.7049891540130151,0.8552631578947368,0.5996309963099631,19.828384160995483,Completed,PW-AE,50000,minmax,none,43,0.008000000000000004,sgd,covertype
350,0.7249948083463159,0.9891424144740053,0.6630532971996387,0.6495575221238938,0.6771217712177122,19.718263626098633,Completed,PW-AE,50000,minmax,none,42,0.016,sgd,covertype
351,0.7680864927818444,0.9925846732081296,0.7444219066937119,0.8265765765765766,0.6771217712177122,19.726780652999878,Completed,PW-AE,50000,minmax,none,43,0.016,sgd,covertype
352,0.7313561534748245,0.9906794821921286,0.6878306878306878,0.8064516129032258,0.5996309963099631,19.62969470024109,Completed,PW-AE,50000,minmax,none,42,0.03200000000000001,sgd,covertype
353,0.8372284508144255,0.9971778954717849,0.7663934426229508,0.8617511520737328,0.6900369003690037,19.51983094215393,Completed,PW-AE,50000,minmax,none,43,0.03200000000000001,sgd,covertype
354,0.6735024890828971,0.9901748608047768,0.6285714285714286,0.7369727047146402,0.5479704797047971,19.561920642852783,Completed,PW-AE,50000,minmax,none,42,0.06399999999999999,sgd,covertype
355,0.8440479984680204,0.9978933633203856,0.7685352622061484,0.7535460992907801,0.7841328413284133,19.615309238433838,Completed,PW-AE,50000,minmax,none,43,0.06399999999999999,sgd,covertype
356,0.767596820139471,0.9955249218875788,0.7044025157232704,0.6865148861646234,0.7232472324723247,19.65168046951294,Completed,PW-AE,50000,minmax,none,42,0.128,sgd,covertype
357,0.7866020159804307,0.9966944631838651,0.7142857142857142,0.6765676567656765,0.7564575645756457,19.686105012893677,Completed,PW-AE,50000,minmax,none,43,0.128,sgd,covertype
358,0.7760212308865043,0.996044689004454,0.7386262265834076,0.7150259067357513,0.7638376383763837,20.43925166130066,Completed,PW-AE,50000,minmax,none,42,0.256,sgd,covertype
359,0.731863356486468,0.995377306981853,0.6879432624113475,0.6621160409556314,0.7158671586715867,20.6955463886261,Completed,PW-AE,50000,minmax,none,43,0.256,sgd,covertype
360,0.6005018662416653,0.9850587751297869,0.5907473309608541,0.8272425249169435,0.45940959409594095,18.401252508163452,Completed,DAE,50000,minmax,none,42,0.001,sgd,covertype
361,0.5792182340597559,0.9798901270584949,0.565483476132191,0.84,0.4261992619926199,18.595882654190063,Completed,DAE,50000,minmax,none,43,0.001,sgd,covertype
362,0.6746615863285814,0.9883779654853445,0.6395348837209303,0.8647798742138365,0.507380073800738,19.642852544784546,Completed,DAE,50000,minmax,none,42,0.0020000000000000005,sgd,covertype
363,0.6663619988038576,0.9873161976190914,0.6507394766780432,0.8486646884272997,0.5276752767527675,19.864523887634277,Completed,DAE,50000,minmax,none,43,0.0020000000000000005,sgd,covertype
364,0.7639440299963179,0.992312908086014,0.7181069958847737,0.8116279069767441,0.6439114391143912,19.68921208381653,Completed,DAE,50000,minmax,none,42,0.004000000000000001,sgd,covertype
365,0.7526116430060164,0.9929645848078038,0.7147540983606558,0.8766756032171582,0.6033210332103321,20.1637966632843,Completed,DAE,50000,minmax,none,43,0.004000000000000001,sgd,covertype
366,0.8345683472243073,0.9950443247608504,0.7830188679245284,0.8011583011583011,0.7656826568265682,19.904955863952637,Completed,DAE,50000,minmax,none,42,0.008000000000000004,sgd,covertype
367,0.837581726528687,0.9969269837063286,0.7752808988764044,0.7870722433460076,0.7638376383763837,19.83383059501648,Completed,DAE,50000,minmax,none,43,0.008000000000000004,sgd,covertype
368,0.8701946171800163,0.9972955919659888,0.8151571164510165,0.8166666666666667,0.8136531365313653,19.86302423477173,Completed,DAE,50000,minmax,none,42,0.016,sgd,covertype
369,0.8699255748993632,0.998381272178608,0.8034351145038169,0.8320158102766798,0.7767527675276753,19.903413772583008,Completed,DAE,50000,minmax,none,43,0.016,sgd,covertype
370,0.8678729430156885,0.99806522631525,0.8142981691368788,0.771900826446281,0.8616236162361623,19.89053750038147,Completed,DAE,50000,minmax,none,42,0.03200000000000001,sgd,covertype
371,0.857463715981638,0.9983180779278374,0.7954545454545455,0.7558139534883721,0.8394833948339483,19.54697012901306,Completed,DAE,50000,minmax,none,43,0.03200000000000001,sgd,covertype
372,0.8342212188741218,0.99769706571262,0.7836879432624113,0.7542662116040956,0.8154981549815498,19.928908348083496,Completed,DAE,50000,minmax,none,42,0.06399999999999999,sgd,covertype
373,0.8296949783023222,0.9978492691029057,0.7747440273037542,0.7206349206349206,0.8376383763837638,19.84882616996765,Completed,DAE,50000,minmax,none,43,0.06399999999999999,sgd,covertype
374,0.8130325177940148,0.9971707702640534,0.7622439893143367,0.7366609294320138,0.7896678966789668,19.855834484100342,Completed,DAE,50000,minmax,none,42,0.128,sgd,covertype
375,0.7924809688913402,0.9971519686687829,0.7675401521555367,0.7082683307332294,0.8376383763837638,19.61226224899292,Completed,DAE,50000,minmax,none,43,0.128,sgd,covertype
376,0.8157271890054173,0.9973763567551968,0.7642857142857142,0.740484429065744,0.7896678966789668,19.815255403518677,Completed,DAE,50000,minmax,none,42,0.256,sgd,covertype
377,0.8109750970518779,0.9971258180372655,0.7760141093474426,0.7432432432432432,0.8118081180811808,20.03200626373291,Completed,DAE,50000,minmax,none,43,0.256,sgd,covertype
378,0.40685702430060106,0.8759013165456238,0.551948051948052,0.53125,0.5743243243243243,14.311411619186401,Completed,AE,50000,minmax,none,42,0.001,sgd,creditcard
379,0.4131815097994568,0.8672017821399993,0.5683453237410071,0.6076923076923076,0.5337837837837838,14.648935317993164,Completed,AE,50000,minmax,none,43,0.001,sgd,creditcard
380,0.380340796430508,0.9239905525761659,0.5372168284789645,0.515527950310559,0.5608108108108109,14.563416004180908,Completed,AE,50000,minmax,none,42,0.0020000000000000005,sgd,creditcard
381,0.38901738596342106,0.9207200611106172,0.5588235294117647,0.6129032258064516,0.5135135135135135,14.577725648880005,Completed,AE,50000,minmax,none,43,0.0020000000000000005,sgd,creditcard
382,0.3421483180304248,0.95405630395701,0.5,0.5069444444444444,0.49324324324324326,13.719877004623413,Completed,AE,50000,minmax,none,42,0.004000000000000001,sgd,creditcard
383,0.3885799959872802,0.9575395874491195,0.5625,0.6666666666666666,0.4864864864864865,13.860144138336182,Completed,AE,50000,minmax,none,43,0.004000000000000001,sgd,creditcard
384,0.34932164016505585,0.9666388184702395,0.5033557046979866,0.5,0.5067567567567568,13.61859917640686,Completed,AE,50000,minmax,none,42,0.008000000000000004,sgd,creditcard
385,0.4090294464567367,0.9702210434778837,0.5543071161048689,0.6218487394957983,0.5,13.64631724357605,Completed,AE,50000,minmax,none,43,0.008000000000000004,sgd,creditcard
386,0.37522798585566636,0.9690933812734341,0.5066666666666666,0.5,0.5135135135135135,13.415677547454834,Completed,AE,50000,minmax,none,42,0.016,sgd,creditcard
387,0.44422007320530843,0.9721316990182833,0.5579710144927538,0.6015625,0.5202702702702703,13.480393648147583,Completed,AE,50000,minmax,none,43,0.016,sgd,creditcard
388,0.3909477172829023,0.9694684102782073,0.5065789473684211,0.4935897435897436,0.5202702702702703,12.835460424423218,Completed,AE,50000,minmax,none,42,0.03200000000000001,sgd,creditcard
389,0.457878472478993,0.9719128078572031,0.5390625,0.6388888888888888,0.46621621621621623,12.801009893417358,Completed,AE,50000,minmax,none,43,0.03200000000000001,sgd,creditcard
390,0.378261461662783,0.9694803374746005,0.4868913857677903,0.5462184873949579,0.4391891891891892,12.87758731842041,Completed,AE,50000,minmax,none,42,0.06399999999999999,sgd,creditcard
391,0.44542976188028777,0.972188759810119,0.5252525252525252,0.5234899328859061,0.527027027027027,12.721014022827148,Completed,AE,50000,minmax,none,43,0.06399999999999999,sgd,creditcard
392,0.3336426168200042,0.9695357718305643,0.4659498207885305,0.4961832061068702,0.4391891891891892,13.819883584976196,Completed,AE,50000,minmax,none,42,0.128,sgd,creditcard
393,0.4059752685000201,0.97308994081942,0.5152542372881356,0.5170068027210885,0.5135135135135135,13.960707187652588,Completed,AE,50000,minmax,none,43,0.128,sgd,creditcard
394,0.2685850104063123,0.9684165128781191,0.43086816720257237,0.4110429447852761,0.4527027027027027,13.829119443893433,Completed,AE,50000,minmax,none,42,0.256,sgd,creditcard
395,0.33001913734726157,0.9727948782450107,0.46808510638297873,0.425414364640884,0.5202702702702703,13.675469875335693,Completed,AE,50000,minmax,none,43,0.256,sgd,creditcard
396,0.36119826000696775,0.8250467329240498,0.5302013422818791,0.5266666666666666,0.5337837837837838,23.98506259918213,Completed,PW-AE,50000,minmax,none,42,0.001,sgd,creditcard
397,0.4356520312700845,0.8017952057007661,0.5533333333333332,0.5460526315789473,0.5608108108108109,24.33752679824829,Completed,PW-AE,50000,minmax,none,43,0.001,sgd,creditcard
398,0.4192993058620403,0.8793359424979018,0.5540540540540541,0.5540540540540541,0.5540540540540541,24.658368349075317,Completed,PW-AE,50000,minmax,none,42,0.0020000000000000005,sgd,creditcard
399,0.4388174049025879,0.8733259908789477,0.5909090909090909,0.6724137931034483,0.527027027027027,24.6900417804718,Completed,PW-AE,50000,minmax,none,43,0.0020000000000000005,sgd,creditcard
400,0.4150887086175288,0.9314657873792914,0.5622775800711743,0.5939849624060151,0.5337837837837838,24.63554334640503,Completed,PW-AE,50000,minmax,none,42,0.004000000000000001,sgd,creditcard
401,0.4306739037831024,0.9304800317046567,0.596078431372549,0.7102803738317757,0.5135135135135135,25.079792976379395,Completed,PW-AE,50000,minmax,none,43,0.004000000000000001,sgd,creditcard
402,0.4000009784204439,0.9603637578041815,0.5572519083969466,0.6403508771929824,0.49324324324324326,24.771203756332397,Completed,PW-AE,50000,minmax,none,42,0.008000000000000004,sgd,creditcard
403,0.43527684998353927,0.9633738839939192,0.5843621399176954,0.7473684210526316,0.4797297297297297,25.25656294822693,Completed,PW-AE,50000,minmax,none,43,0.008000000000000004,sgd,creditcard
404,0.40266063313871003,0.9704190620452756,0.5409252669039146,0.5714285714285714,0.5135135135135135,25.06703233718872,Completed,PW-AE,50000,minmax,none,42,0.016,sgd,creditcard
405,0.45109888615851956,0.9715419804784323,0.5756457564575646,0.6341463414634146,0.527027027027027,25.034587860107422,Completed,PW-AE,50000,minmax,none,43,0.016,sgd,creditcard
406,0.42544853305518815,0.9718279621192243,0.5284280936454849,0.5231788079470199,0.5337837837837838,24.915087461471558,Completed,PW-AE,50000,minmax,none,42,0.03200000000000001,sgd,creditcard
407,0.4814330452587937,0.9725288204436482,0.5535055350553506,0.6097560975609756,0.5067567567567568,24.89240002632141,Completed,PW-AE,50000,minmax,none,43,0.03200000000000001,sgd,creditcard
408,0.4510531732589497,0.9715518746299857,0.5394190871369294,0.6989247311827957,0.4391891891891892,24.439049243927002,Completed,PW-AE,50000,minmax,none,42,0.06399999999999999,sgd,creditcard
409,0.49095113656181366,0.9725589095072767,0.5655737704918034,0.71875,0.46621621621621623,24.600419282913208,Completed,PW-AE,50000,minmax,none,43,0.06399999999999999,sgd,creditcard
410,0.46645409763519907,0.9717775426071984,0.5666666666666667,0.7391304347826086,0.4594594594594595,24.508221864700317,Completed,PW-AE,50000,minmax,none,42,0.128,sgd,creditcard
411,0.49762977765979577,0.9733397342620644,0.5619834710743802,0.723404255319149,0.4594594594594595,24.294613122940063,Completed,PW-AE,50000,minmax,none,43,0.128,sgd,creditcard
412,0.47664915635379085,0.9723481505255558,0.5537190082644627,0.7127659574468085,0.4527027027027027,23.168963193893433,Completed,PW-AE,50000,minmax,none,42,0.256,sgd,creditcard
413,0.4998945299854677,0.9742994669627503,0.5525291828793775,0.6513761467889908,0.4797297297297297,23.159327030181885,Completed,PW-AE,50000,minmax,none,43,0.256,sgd,creditcard
414,0.4243519290055972,0.8844662633828564,0.5602605863192182,0.5408805031446541,0.581081081081081,21.44703769683838,Completed,DAE,50000,minmax,none,42,0.001,sgd,creditcard
415,0.44078137503052217,0.8800434421021358,0.5931558935361216,0.6782608695652174,0.527027027027027,21.56116795539856,Completed,DAE,50000,minmax,none,43,0.001,sgd,creditcard
416,0.4155459806420603,0.9353239643398512,0.558303886925795,0.5851851851851851,0.5337837837837838,21.168434858322144,Completed,DAE,50000,minmax,none,42,0.0020000000000000005,sgd,creditcard
417,0.4295463222982484,0.935239660747163,0.5914396887159534,0.6972477064220184,0.5135135135135135,21.35671615600586,Completed,DAE,50000,minmax,none,43,0.0020000000000000005,sgd,creditcard
418,0.3969342278115069,0.9620464412498835,0.5447761194029851,0.6083333333333333,0.49324324324324326,21.207480669021606,Completed,DAE,50000,minmax,none,42,0.004000000000000001,sgd,creditcard
419,0.43816222525970905,0.965349190360223,0.592,0.7254901960784313,0.5,21.150068521499634,Completed,DAE,50000,minmax,none,43,0.004000000000000001,sgd,creditcard
420,0.40235099051600826,0.9711528556961037,0.5415162454873647,0.5813953488372093,0.5067567567567568,21.10625410079956,Completed,DAE,50000,minmax,none,42,0.008000000000000004,sgd,creditcard
421,0.4545127307964357,0.9725715143852832,0.5735294117647058,0.6290322580645161,0.527027027027027,20.989080667495728,Completed,DAE,50000,minmax,none,43,0.008000000000000004,sgd,creditcard
422,0.4211756604086903,0.9717751029533908,0.5266666666666666,0.5197368421052632,0.5337837837837838,21.752749919891357,Completed,DAE,50000,minmax,none,42,0.016,sgd,creditcard
423,0.4822932342595645,0.972927568304885,0.5591397849462365,0.5954198473282443,0.527027027027027,21.624206066131592,Completed,DAE,50000,minmax,none,43,0.016,sgd,creditcard
424,0.4409549555016037,0.9708390891091685,0.5378151260504201,0.7111111111111111,0.43243243243243246,21.531322240829468,Completed,DAE,50000,minmax,none,42,0.03200000000000001,sgd,creditcard
425,0.48983875293877466,0.972287565789331,0.5679012345679013,0.7263157894736842,0.46621621621621623,21.594661712646484,Completed,DAE,50000,minmax,none,43,0.03200000000000001,sgd,creditcard
426,0.44811779823220993,0.9707173774914286,0.5573770491803279,0.7083333333333334,0.4594594594594595,21.411484241485596,Completed,DAE,50000,minmax,none,42,0.06399999999999999,sgd,creditcard
427,0.49022026488338344,0.9727299563464611,0.5583333333333333,0.7282608695652174,0.4527027027027027,21.135072946548462,Completed,DAE,50000,minmax,none,43,0.06399999999999999,sgd,creditcard
428,0.45109864667764166,0.9716882241705719,0.5514403292181069,0.7052631578947368,0.4527027027027027,21.17746090888977,Completed,DAE,50000,minmax,none,42,0.128,sgd,creditcard
429,0.48354322372082786,0.9737758901483525,0.5523012552301255,0.7252747252747253,0.44594594594594594,21.295140027999878,Completed,DAE,50000,minmax,none,43,0.128,sgd,creditcard
430,0.44868861915855734,0.9742776456148036,0.5439999999999999,0.6666666666666666,0.4594594594594595,21.55172872543335,Completed,DAE,50000,minmax,none,42,0.256,sgd,creditcard
431,0.47166435832889125,0.9757250380043849,0.5469387755102041,0.6907216494845361,0.4527027027027027,21.2017822265625,Completed,DAE,50000,minmax,none,43,0.256,sgd,creditcard
432,0.41271735322917646,0.8799721498789217,0.4449512751399544,0.3497962510187449,0.6112218741099402,11.231278657913208,Completed,AE,50000,minmax,none,42,0.001,sgd,shuttle
433,0.8405831000751811,0.9681583310510606,0.7776574346278816,0.8512872628726287,0.7157504984334947,11.168969869613647,Completed,AE,50000,minmax,none,43,0.001,sgd,shuttle
434,0.7474842219309368,0.948505398036841,0.6470491533782673,0.7651632970451011,0.560524067217317,11.068501472473145,Completed,AE,50000,minmax,none,42,0.0020000000000000005,sgd,shuttle
435,0.8945107718876485,0.9755344320073683,0.8506745231818886,0.9336283185840708,0.7812589005981202,11.411479234695435,Completed,AE,50000,minmax,none,43,0.0020000000000000005,sgd,shuttle
436,0.8736341143013137,0.9686510258018799,0.808298237404461,0.893448275862069,0.7379663913414981,11.427958011627197,Completed,AE,50000,minmax,none,42,0.004000000000000001,sgd,shuttle
437,0.9238322240248956,0.9785063016156592,0.885355141602302,0.9453428201811126,0.8325263457704358,11.36020302772522,Completed,AE,50000,minmax,none,43,0.004000000000000001,sgd,shuttle
438,0.9226096584241623,0.9762308099933693,0.8860914952410194,0.961038961038961,0.8219880375961265,11.401963710784912,Completed,AE,50000,minmax,none,42,0.008000000000000004,sgd,shuttle
439,0.9342624986471928,0.9789348361473963,0.9062453860918352,0.9408338442673206,0.8741099401879806,11.176375389099121,Completed,AE,50000,minmax,none,43,0.008000000000000004,sgd,shuttle
440,0.9441987894859792,0.9797977283021342,0.9270347525199337,0.9824617346938775,0.877527769866135,11.295367002487183,Completed,AE,50000,minmax,none,42,0.016,sgd,shuttle
441,0.9376044641484752,0.9792053162374038,0.9140284635492303,0.9324444444444444,0.896325833095984,11.406205177307129,Completed,AE,50000,minmax,none,43,0.016,sgd,shuttle
442,0.943891589964374,0.9810842066106256,0.9341600236197225,0.9696598222494637,0.9011677584733694,11.093085765838623,Completed,AE,50000,minmax,none,42,0.03200000000000001,sgd,shuttle
443,0.903968047858822,0.9781739543049532,0.8869863013698629,0.8887617958249928,0.8852178866419823,11.1649911403656,Completed,AE,50000,minmax,none,43,0.03200000000000001,sgd,shuttle
444,0.8288142636017302,0.9692369462444831,0.7632689987937273,0.8109580262736302,0.7208772429507263,11.318842887878418,Completed,AE,50000,minmax,none,42,0.06399999999999999,sgd,shuttle
445,0.8423696932009864,0.9755928066228992,0.8075388636676296,0.7810005321979776,0.8359441754485901,11.115543842315674,Completed,AE,50000,minmax,none,43,0.06399999999999999,sgd,shuttle
446,0.6448841834178678,0.9460179446429702,0.5693670886075949,0.5124174071542492,0.6405582455140986,11.2143394947052,Completed,AE,50000,minmax,none,42,0.128,sgd,shuttle
447,0.7097311919541797,0.9643000519967062,0.6779865125240848,0.5873148341331108,0.8017658786670464,11.289859056472778,Completed,AE,50000,minmax,none,43,0.128,sgd,shuttle
448,0.567510941587611,0.9395110962565357,0.5486018641810919,0.42834293026231607,0.7627456565081173,11.501635551452637,Completed,AE,50000,minmax,none,42,0.256,sgd,shuttle
449,0.5583167031112037,0.9405155545076769,0.5601402929647205,0.4391072295002426,0.7732839646824267,11.494300365447998,Completed,AE,50000,minmax,none,43,0.256,sgd,shuttle
450,0.11397186979845225,0.6725067419463242,0.19039827016918448,0.10608231310237042,0.927940757618912,20.28970432281494,Completed,PW-AE,50000,minmax,none,42,0.001,sgd,shuttle
451,0.8460325360284935,0.9720399024704689,0.7892012868932717,0.7754260582737768,0.8034747935061236,20.37740159034729,Completed,PW-AE,50000,minmax,none,43,0.001,sgd,shuttle
452,0.3972939531868778,0.8851014498085208,0.4506359781950333,0.3490226739640344,0.6357163201367132,20.394251823425293,Completed,PW-AE,50000,minmax,none,42,0.0020000000000000005,sgd,shuttle
453,0.8869134476744819,0.9767467221338186,0.8220877927718319,0.9025885558583107,0.7547707205924238,20.363118410110474,Completed,PW-AE,50000,minmax,none,43,0.0020000000000000005,sgd,shuttle
454,0.7876519468247528,0.9590358962711512,0.6772116461366182,0.6658409028351225,0.6889774992879522,20.3146653175354,Completed,PW-AE,50000,minmax,none,42,0.004000000000000001,sgd,shuttle
455,0.9354189985811036,0.9828292221163555,0.8944615384615384,0.9725660756105721,0.8279692395328966,20.07009530067444,Completed,PW-AE,50000,minmax,none,43,0.004000000000000001,sgd,shuttle
456,0.9093584437636544,0.9754230310232185,0.8622641509433961,0.9624429624429625,0.780974081458274,20.248366355895996,Completed,PW-AE,50000,minmax,none,42,0.008000000000000004,sgd,shuttle
457,0.9512466209005587,0.983112404292778,0.9199209846527885,0.9859934853420196,0.8621475363144403,20.18519687652588,Completed,PW-AE,50000,minmax,none,43,0.008000000000000004,sgd,shuttle
458,0.9456151985974007,0.9811594132088428,0.9187311178247733,0.9781280154390479,0.8661350042722871,19.918487310409546,Completed,PW-AE,50000,minmax,none,42,0.016,sgd,shuttle
459,0.9528547775783738,0.982746118106811,0.9290132547864507,0.9618786215309546,0.8983195670749075,19.877113580703735,Completed,PW-AE,50000,minmax,none,43,0.016,sgd,shuttle
460,0.9558463252959026,0.9836055051604773,0.9445100354191264,0.9800918836140888,0.9114212475078325,19.850620985031128,Completed,PW-AE,50000,minmax,none,42,0.03200000000000001,sgd,shuttle
461,0.9556615494978785,0.9835235507741006,0.940864960282436,0.9729236385762093,0.9108516092281401,20.202788591384888,Completed,PW-AE,50000,minmax,none,43,0.03200000000000001,sgd,shuttle
462,0.9585323762362493,0.9850530931592262,0.9556794834164954,0.9857705116560702,0.9273711193392196,19.785873889923096,Completed,PW-AE,50000,minmax,none,42,0.06399999999999999,sgd,shuttle
463,0.9582137979488267,0.9845707450169177,0.9496678966789668,0.9856004901960784,0.9162631728852179,20.002331733703613,Completed,PW-AE,50000,minmax,none,43,0.06399999999999999,sgd,shuttle
464,0.9598229375931409,0.9858960730909416,0.9607498535442297,0.9888453421766656,0.9342067786955284,20.158042192459106,Completed,PW-AE,50000,minmax,none,42,0.128,sgd,shuttle
465,0.9595307629497496,0.9853309958162089,0.9559729967713532,0.9860732667272177,0.9276559384790658,19.80082058906555,Completed,PW-AE,50000,minmax,none,43,0.128,sgd,shuttle
466,0.9605145646968776,0.9861257603023449,0.9622586307782328,0.989172932330827,0.9367701509541441,19.837181329727173,Completed,PW-AE,50000,minmax,none,42,0.256,sgd,shuttle
467,0.960386703119728,0.9858252088193641,0.960362732192482,0.9870715574263379,0.935061236115067,19.713930130004883,Completed,PW-AE,50000,minmax,none,43,0.256,sgd,shuttle
468,0.439544609814936,0.8926324999744146,0.4795809279452641,0.38387814478863597,0.6388493306750214,18.284436464309692,Completed,DAE,50000,minmax,none,42,0.001,sgd,shuttle
469,0.8810360106426223,0.9755731380700049,0.8138075313807532,0.8560201194592896,0.7755625178011962,18.314493656158447,Completed,DAE,50000,minmax,none,43,0.001,sgd,shuttle
470,0.7880395051228564,0.9574823180146838,0.6809269162210339,0.7898496240601504,0.5984050128168613,20.224563598632812,Completed,DAE,50000,minmax,none,42,0.0020000000000000005,sgd,shuttle
471,0.9320887363987709,0.9812971368147663,0.8921372518849054,0.9702141900937081,0.825690686414127,20.09567165374756,Completed,DAE,50000,minmax,none,43,0.0020000000000000005,sgd,shuttle
472,0.8977567324519284,0.9724941348287799,0.8435736677115987,0.9379574764726385,0.766448305326118,20.417595863342285,Completed,DAE,50000,minmax,none,42,0.004000000000000001,sgd,shuttle
473,0.9458882090016332,0.9813151434124288,0.9162902740138512,0.9718939635899074,0.8667046425519795,20.271356105804443,Completed,DAE,50000,minmax,none,43,0.004000000000000001,sgd,shuttle
474,0.9318819813544724,0.977877632685476,0.8993184634448574,0.9857385398981324,0.8268299629735119,20.355178117752075,Completed,DAE,50000,minmax,none,42,0.008000000000000004,sgd,shuttle
475,0.9456849430174907,0.980716133510387,0.9218289085545723,0.9559498317528297,0.8900598120193677,20.528010845184326,Completed,DAE,50000,minmax,none,43,0.008000000000000004,sgd,shuttle
476,0.944085764672142,0.9807660296550544,0.9286998202516477,0.9794628751974723,0.8829393335232127,20.531633615493774,Completed,DAE,50000,minmax,none,42,0.016,sgd,shuttle
477,0.9441173019601415,0.9811930396865037,0.9280681150910158,0.957588609512269,0.9003133010538308,20.34333825111389,Completed,DAE,50000,minmax,none,43,0.016,sgd,shuttle
478,0.9409138554313291,0.9831173401748575,0.9277834975731726,0.9592457420924574,0.8983195670749075,20.57003927230835,Completed,DAE,50000,minmax,none,42,0.03200000000000001,sgd,shuttle
479,0.9301997668517039,0.9822498932631121,0.9023147474159267,0.9228707564026206,0.8826545143833666,20.380011558532715,Completed,DAE,50000,minmax,none,43,0.03200000000000001,sgd,shuttle
480,0.8648447958782027,0.978242987926595,0.7819933754893105,0.8294474608751198,0.7396753061805753,15.721673011779785,Completed,DAE,50000,minmax,none,42,0.06399999999999999,sgd,shuttle
481,0.8070602512221186,0.97346387321066,0.721972443799855,0.7355200945626478,0.708914839077186,15.354859113693237,Completed,DAE,50000,minmax,none,43,0.06399999999999999,sgd,shuttle
482,0.6996502365723234,0.9618829630382532,0.6241555783009213,0.48713852053043616,0.8684135573910566,15.113247871398926,Completed,DAE,50000,minmax,none,42,0.128,sgd,shuttle
483,0.6489530056625405,0.9586358336566754,0.6184437455615299,0.4803025527891585,0.8681287382512105,14.488592624664307,Completed,DAE,50000,minmax,none,43,0.128,sgd,shuttle
484,0.562341329806746,0.9471991137205114,0.5795335554497858,0.4352301973119817,0.8669894616918257,14.143048524856567,Completed,DAE,50000,minmax,none,42,0.256,sgd,shuttle
485,0.5687573637572978,0.9485344572615902,0.5797395881429495,0.4289423339710303,0.8940472799772144,13.94324541091919,Completed,DAE,50000,minmax,none,43,0.256,sgd,shuttle
