optimizer_fn,dataset,model,lr,PR-AUC,ROC-AUC,Max F1,Max F1 Precision,Max F1 Recall,runtime,subsample,seed,PR-AUC_std,ROC-AUC_std,Max F1_std,Max F1 Precision_std,Max F1 Recall_std,runtime_std,subsample_std,seed_std
adam,covertype,AE,0.001,0.48253738110345384,0.9684700791263645,0.4986032597569179,0.4937143570061363,0.503690036900369,17.43021273612976,50000.0,42.5,0.11159013049749371,0.008971862574214107,0.0678865998204124,0.06038369632797011,0.07566825333730579,0.018054361202914655,0.0,0.7071067811865476
adam,covertype,AE,0.0020000000000000005,0.2962739136786059,0.9576459932681336,0.3799834025093316,0.3302777689338866,0.4538745387453874,17.583794116973877,50000.0,42.5,0.0832657192890783,0.007546635273092339,0.03882767546878885,0.06462569909312985,0.013046250575397595,0.23524314072573718,0.0,0.7071067811865476
adam,covertype,AE,0.004000000000000001,0.15349207498915987,0.9336782679970437,0.2673442510306917,0.192527544755278,0.43726937269372695,17.703104376792908,50000.0,42.5,0.006272828596859383,0.0027899952097913904,0.0006397324291541163,0.000663546055865091,0.0,0.15241632261952226,0.0,0.7071067811865476
adam,covertype,AE,0.008000000000000004,0.17921891757197514,0.9198317137848073,0.2845399741682572,0.2465046468755268,0.3376383763837638,17.601784467697144,50000.0,42.5,0.01090422144079778,0.007688946975656852,0.0049484491848275965,0.01575048467667697,0.01565550069047707,0.15691777462787979,0.0,0.7071067811865476
adam,covertype,AE,0.016,0.1880233286404247,0.8938723996908778,0.27798787498249977,0.2777749538284281,0.2785977859778598,17.56805717945099,50000.0,42.5,0.0018462804428547332,0.011938646112195648,0.00512860983626779,0.005343527074487856,0.01565550069047709,0.1722745689387032,0.0,0.7071067811865476
adam,covertype,AE,0.03200000000000001,0.13711622052554495,0.8599404071500378,0.22922522857262878,0.19728272544838174,0.27490774907749077,17.64536726474762,50000.0,42.5,0.006689548752104414,0.005177956562533063,0.008988175748144853,0.018621235622408798,0.01043700046031806,0.15985439844472485,0.0,0.7071067811865476
adam,covertype,AE,0.06399999999999999,0.08962215338841732,0.7927667838185115,0.21332732576704713,0.14825707648609626,0.38191881918819187,17.87947189807892,50000.0,42.5,0.020272457789240587,0.01016105556309378,0.04144393460684796,0.0241419012645429,0.10437000460318044,0.07202205202196212,0.0,0.7071067811865476
adam,covertype,AE,0.128,0.1558265320682081,0.827743439996574,0.2595561489878022,0.23533416457773218,0.2896678966789668,16.997535347938538,50000.0,42.5,0.14466677388438354,0.08883769124374609,0.13962265125562265,0.1327629495889566,0.14611800644445264,0.13686615856773088,0.0,0.7071067811865476
adam,covertype,AE,0.256,0.03340218093844159,0.4920255868820971,0.08277480977820947,0.08214895578323814,0.09132841328413284,16.993855237960815,50000.0,42.5,0.014923046427962168,0.17607120382581512,0.04228674841675741,0.01700875296874432,0.06914512804960704,0.1058496183989878,0.0,0.7071067811865476
adam,covertype,DAE,0.001,0.77072348569889,0.9953857192035465,0.7258713450292398,0.6961541329876031,0.7583025830258303,23.986016750335693,50000.0,42.5,0.013529939061438083,0.00026681795578086095,0.009295766339809112,0.014899311067183332,0.0026092501150795934,0.0715120751549803,0.0,0.7071067811865476
adam,covertype,DAE,0.0020000000000000005,0.49911840961131515,0.9853502558136099,0.47955284552845523,0.4556438281109778,0.5479704797047971,24.095855712890625,50000.0,42.5,0.022117272064640068,0.001246671617218359,0.00879571849768635,0.12032150737786378,0.15133650667461163,0.2011385852602979,0.0,0.7071067811865476
adam,covertype,DAE,0.004000000000000001,0.33931765631813005,0.9740121664227683,0.3651754966325682,0.27042699813797816,0.5821033210332103,23.925369143486023,50000.0,42.5,0.005026617685353761,0.0024543558949759793,0.018463683607347906,0.04121296550198836,0.09784687931548157,0.04610679780958359,0.0,0.7071067811865476
adam,covertype,DAE,0.008000000000000004,0.29665515869534065,0.9566487439713653,0.31732225834453887,0.29472497174700907,0.3496309963099631,23.885311722755432,50000.0,42.5,0.008385458726219458,0.00011859748187750214,0.0053438309279302135,0.02909537323507837,0.05348962735912998,0.0007854486688490212,0.0,0.7071067811865476
adam,covertype,DAE,0.016,0.2547408774283372,0.935939197133085,0.30646012784639365,0.2634700003170655,0.3662361623616236,24.16464924812317,50000.0,42.5,0.0036451821593685703,0.0029186165001906773,0.003600705581493883,0.004647150815046905,0.0013046250575397967,0.11195551663645803,0.0,0.7071067811865476
adam,covertype,DAE,0.03200000000000001,0.18940477256923124,0.8984736611287016,0.27346949411655697,0.2330217172685414,0.33210332103321033,24.220248699188232,50000.0,42.5,0.011157182529963876,0.0011082639242886731,0.005864439521074828,0.00566382730919028,0.028701751265874625,0.07404223476478629,0.0,0.7071067811865476
adam,covertype,DAE,0.06399999999999999,0.47859693651731017,0.9433526773397056,0.5647812971342383,0.5345575968946212,0.6005535055350554,24.400370955467224,50000.0,42.5,0.00841251606218354,0.00044086292584948213,0.00266631516284531,0.02522995414740773,0.03783412666865295,0.07952250518296082,0.0,0.7071067811865476
adam,covertype,DAE,0.128,0.4852416027221844,0.9479439597562298,0.5412185216778549,0.6497953779489649,0.4640221402214022,24.43475615978241,50000.0,42.5,0.0319580453550147,0.021950373306759984,0.019609802159709335,0.0027519402092398906,0.02739712620833489,0.030797376556486445,0.0,0.7071067811865476
adam,covertype,DAE,0.256,0.3354834580161722,0.8553645315963048,0.41845655908666474,0.4972718658144265,0.36254612546125464,24.559598684310913,50000.0,42.5,0.23263419144424838,0.14578265729251555,0.17508627491551648,0.2433929818403294,0.1317671308115153,0.008146817229761773,0.0,0.7071067811865476
adam,covertype,PW-AE,0.001,0.5409359762938829,0.9863870108432978,0.5535671011834817,0.5165395601511518,0.5968634686346863,25.794736981391907,50000.0,42.5,0.10981207981951029,0.005110295855012046,0.006523945761548673,0.020141893951337878,0.011741625517857837,0.1826558434891185,0.0,0.7071067811865476
adam,covertype,PW-AE,0.0020000000000000005,0.3849448811889366,0.9758332725265866,0.46189656401845836,0.4450197817486196,0.4806273062730627,25.72724485397339,50000.0,42.5,0.07033606690159488,0.011262804011843488,0.04939886423520469,0.06136805167621348,0.03522487655357345,0.09405929040915625,0.0,0.7071067811865476
adam,covertype,PW-AE,0.004000000000000001,0.022941488337551594,0.7578475396545789,0.05262385377642552,0.027243637884370148,0.7693726937269373,25.71953523159027,50000.0,42.5,0.004394324069348085,0.00870362018248529,0.00112480098919136,0.0005833049409962963,0.01565550069047701,0.07057456065670396,0.0,0.7071067811865476
adam,covertype,PW-AE,0.008000000000000004,0.021093056733292315,0.7058873726247878,0.041263723518108614,0.021211729265741323,0.7583025830258303,25.96077287197113,50000.0,42.5,0.007450590531940512,0.023709498945427294,0.0019755510238143367,0.0010725211087731477,0.03652950161111317,0.0250090969693943,0.0,0.7071067811865476
adam,covertype,PW-AE,0.016,0.022812184208294235,0.7279910540219074,0.048444172018340025,0.027768074229821853,0.4059040590405904,26.028239130973816,50000.0,42.5,0.007318622632988009,0.04590899027239425,0.012986647660652465,0.010650342059794917,0.352248765535734,0.12044001441648909,0.0,0.7071067811865476
adam,covertype,PW-AE,0.03200000000000001,0.09671566644401648,0.8823326221555312,0.219784185697155,0.14318185181713688,0.492619926199262,26.049758434295654,50000.0,42.5,0.03526825226222429,0.04637538753153043,0.05186780634107801,0.04399018181932402,0.01043700046031806,0.4820264257485452,0.0,0.7071067811865476
adam,covertype,PW-AE,0.06399999999999999,0.19772172781530842,0.8879056350917749,0.349059936692812,0.3326502732240437,0.3699261992619926,25.943591713905334,50000.0,42.5,0.1585535546118986,0.08327532162440668,0.22501132316565658,0.23666825326598928,0.20743538414882112,0.07185144157919002,0.0,0.7071067811865476
adam,covertype,PW-AE,0.128,0.42459175210276645,0.9643324784576246,0.5428527056338684,0.6128506501246354,0.4898523985239852,26.00617754459381,50000.0,42.5,0.16268691143469916,0.0172602069210234,0.09140617386488165,0.15527451189719052,0.04827112712897099,0.11076343517317591,0.0,0.7071067811865476
adam,covertype,PW-AE,0.256,0.49841145743310256,0.9513628470628999,0.5430705819798552,0.6933705946281633,0.44649446494464945,25.57168936729431,50000.0,42.5,0.10692473818948,0.016200901387830192,0.05386342528298883,0.08738658559610184,0.03652950161111313,0.012386790189957713,0.0,0.7071067811865476
adam,creditcard,AE,0.001,0.13993671750238904,0.9609248781799531,0.26247432762836187,0.19627307558342041,0.40202702702702703,18.962759494781494,50000.0,42.5,0.0005228006773151637,0.0005961164206837634,0.009156081939276126,0.02044230680546271,0.04299973669377657,0.14651357219187452,0.0,0.7071067811865476
adam,creditcard,AE,0.0020000000000000005,0.1298701869329895,0.9581747106570584,0.2355964766012977,0.1643133939265835,0.4189189189189189,18.74214804172516,50000.0,42.5,0.008825848180930821,0.0007577003893771161,0.0016096823090048127,0.007463157600348385,0.03822198817224581,0.19376103230955696,0.0,0.7071067811865476
adam,creditcard,AE,0.004000000000000001,0.1754583471270627,0.9566449799514671,0.28978319914637696,0.23134674922600618,0.40878378378378377,18.553341507911682,50000.0,42.5,0.0024855529009544636,0.004807746019870604,0.02488146133237173,0.01521483631345667,0.1385547071243911,0.0653955559116853,0.0,0.7071067811865476
adam,creditcard,AE,0.008000000000000004,0.1853308819623405,0.962319004794733,0.32488652482269503,0.26811384187340603,0.41216216216216217,18.60386049747467,50000.0,42.5,0.022739383531795037,0.001344999653999013,0.01445306200978463,0.011599305534186954,0.019110994086122927,0.005454307959491819,0.0,0.7071067811865476
adam,creditcard,AE,0.016,0.21277067490084178,0.9588189147986147,0.32068452380952384,0.23761146496815289,0.49324324324324326,18.453014373779297,50000.0,42.5,0.005579750063028518,0.0011692315646850116,0.017888117976445354,0.010764236987489465,0.03822198817224581,0.1757263958317454,0.0,0.7071067811865476
adam,creditcard,AE,0.03200000000000001,0.16720009740560912,0.9426342514383114,0.25734517602854695,0.17996445540604258,0.45270270270270274,18.840187788009644,50000.0,42.5,0.02267315745331691,0.0007396827226424009,0.011099022588963676,0.0032725263965544724,0.04777748521530727,0.13806329765283432,0.0,0.7071067811865476
adam,creditcard,AE,0.06399999999999999,0.06143111463472705,0.908445078513481,0.15285387408946827,0.09189761308061023,0.5405405405405406,18.682405829429626,50000.0,42.5,0.007582637661845863,0.016346623983518594,0.05434258928824131,0.04084802355028349,0.11466596451673743,0.10529580880955465,0.0,0.7071067811865476
adam,creditcard,AE,0.128,0.48698059964846485,0.9306971608935422,0.5638717600334449,0.6154341427520236,0.527027027027027,18.71890103816986,50000.0,42.5,0.07217584703634525,0.004064517267072972,0.031205668724500486,0.11173744022061151,0.028666491129184263,0.04815041420017982,0.0,0.7071067811865476
adam,creditcard,AE,0.256,0.5940996383458959,0.9231617479631602,0.6312056737588652,0.664179104477612,0.6013513513513513,18.76999521255493,50000.0,42.5,6.0774706834533644e-05,3.6418688081630002e-06,0.0,0.0,0.0,0.11253748032069646,0.0,0.7071067811865476
adam,creditcard,DAE,0.001,0.36330357078362396,0.9781927478308767,0.4598119614116378,0.36349303535894684,0.6283783783783784,26.160752177238464,50000.0,42.5,0.021612987669990105,0.0010854685821002458,0.0003987167277679555,0.015521064200543524,0.04777748521530725,0.08130278806406098,0.0,0.7071067811865476
adam,creditcard,DAE,0.0020000000000000005,0.2798074073440855,0.978223853416925,0.3776595453525351,0.29209726443768996,0.5439189189189189,28.36716318130493,50000.0,42.5,0.043335104996086206,0.0031221357936672533,0.041933072058147586,0.056310631206953,0.023888742607653744,0.09658911284417415,0.0,0.7071067811865476
adam,creditcard,DAE,0.004000000000000001,0.21496875985907218,0.9748208074278242,0.32423985908748887,0.2346342551293488,0.5304054054054055,28.292692184448242,50000.0,42.5,0.020248268581791153,0.0018787251116818176,0.013924233164654017,0.02292893086184744,0.04299973669377653,0.008771939286875353,0.0,0.7071067811865476
adam,creditcard,DAE,0.008000000000000004,0.2069951069793752,0.9661994774803688,0.31708696896485167,0.2624699002407981,0.42567567567567566,28.280373215675354,50000.0,42.5,0.000490560896071943,0.004647312115011338,0.013968099132517854,0.0340539901500229,0.13377695860286032,0.027967131385282888,0.0,0.7071067811865476
adam,creditcard,DAE,0.016,0.186297466595728,0.9440523002140389,0.31793691620414244,0.24236749517648395,0.46283783783783783,28.46363055706024,50000.0,42.5,0.025593611547905792,0.010634352758115369,0.0270705019249432,0.014365238205923508,0.062110730779899495,0.24718873770548283,0.0,0.7071067811865476
adam,creditcard,DAE,0.03200000000000001,0.26866146698104687,0.9469956747648716,0.3676191358310563,0.3709768492377188,0.36486486486486486,28.26526129245758,50000.0,42.5,0.026728294343154088,0.007841710252922452,0.01414672020898391,0.028747424192790177,0.0,0.12868663538352465,0.0,0.7071067811865476
adam,creditcard,DAE,0.06399999999999999,0.305232488081977,0.9206459227421275,0.4694271959015175,0.4676788589832068,0.47297297297297297,26.3727365732193,50000.0,42.5,0.11519799236654703,0.016836167822240743,0.11417598946051954,0.08523670424240876,0.1433324556459218,0.05599579716939168,0.0,0.7071067811865476
adam,creditcard,DAE,0.128,0.47747474702181686,0.9005962378369704,0.558115719406042,0.5544441519698167,0.5675675675675675,26.518028378486633,50000.0,42.5,0.01298582936112736,0.009077933035944612,0.018827215884127217,0.036357337349768884,0.07644397634449163,0.29012929566753404,0.0,0.7071067811865476
adam,creditcard,DAE,0.256,0.5940996383458959,0.9231617479631602,0.6312056737588652,0.664179104477612,0.6013513513513513,26.384341955184937,50000.0,42.5,6.0774706834533644e-05,3.6418688081630002e-06,0.0,0.0,0.0,0.051380380082660694,0.0,0.7071067811865476
adam,creditcard,PW-AE,0.001,0.5214154343425311,0.9786487597884332,0.5391148325358852,0.5870563805688396,0.5,27.697009086608887,50000.0,42.5,0.004019023585569665,0.0025794973412702,0.001748031117765625,0.03537313686403878,0.02866649112918438,0.25962593552625957,0.0,0.7071067811865476
adam,creditcard,PW-AE,0.0020000000000000005,0.4211836828943792,0.9604148549978205,0.4617020453930325,0.6631160572337043,0.3547297297297297,27.62130916118622,50000.0,42.5,0.013903213992862479,0.011800613324562233,0.009569167282035797,0.055983970911112964,0.004777748521530736,0.1252346399030884,0.0,0.7071067811865476
adam,creditcard,PW-AE,0.004000000000000001,0.2393263884840896,0.9184222460645675,0.361983306836248,0.4102368497529788,0.32432432432432434,27.68764567375183,50000.0,42.5,0.021513736469629945,0.008216726901497043,0.02318613253095794,0.04412995677413866,0.009555497043061493,0.008099612759429572,0.0,0.7071067811865476
adam,creditcard,PW-AE,0.008000000000000004,0.1218188124319187,0.8773531816338525,0.20675136789390708,0.2971014492753623,0.16554054054054054,27.294909119606018,50000.0,42.5,0.028101392314865945,0.010284445836585525,0.030243684269983844,0.05123962182511213,0.05255523373683801,0.1862174207756831,0.0,0.7071067811865476
adam,creditcard,PW-AE,0.016,0.0722725187484953,0.8910403849448423,0.15826974070400585,0.15544507946449543,0.17567567567567569,27.372286200523376,50000.0,42.5,0.0026511527426391827,0.0034021763372748125,0.023387496315179633,0.020316933272955667,0.07644397634449163,0.11174663685523804,0.0,0.7071067811865476
adam,creditcard,PW-AE,0.03200000000000001,0.1113163290061169,0.914791837894221,0.3127593734949488,0.2106537216828479,0.6182432432432432,27.266340136528015,50000.0,42.5,0.01712070911008022,0.01221099443603612,0.049826955785055194,0.04527314096762025,0.004777748521530639,0.033278982996807885,0.0,0.7071067811865476
adam,creditcard,PW-AE,0.06399999999999999,0.25621067880045645,0.9228160625722408,0.40717431656177583,0.4204293116210215,0.40540540540540543,27.116904497146606,50000.0,42.5,0.1498575596057264,0.005907590399897167,0.1445170404771083,0.21354520112813574,0.07644397634449163,0.030835308720146247,0.0,0.7071067811865476
adam,creditcard,PW-AE,0.128,0.5034404076050464,0.9174530935894573,0.5877634099616857,0.6873156342182891,0.5135135135135136,27.115426540374756,50000.0,42.5,0.06934849828966771,0.021951651756390307,0.035727856999607656,0.029202049960506366,0.03822198817224578,0.08978121669790647,0.0,0.7071067811865476
adam,creditcard,PW-AE,0.256,0.5940996383458959,0.9231617479631602,0.6312056737588652,0.664179104477612,0.6013513513513513,27.748494267463684,50000.0,42.5,6.0774706834533644e-05,3.6418688081630002e-06,0.0,0.0,0.0,0.4149466817703646,0.0,0.7071067811865476
adam,shuttle,AE,0.001,0.5023540599290501,0.8721100332324818,0.5285752170240043,0.600205359739652,0.47223013386499574,16.111262559890747,50000.0,42.5,0.0639245074846666,0.03922977304316465,0.05488837372923677,0.05890211924024859,0.05115497648002935,0.09749105540230729,0.0,0.7071067811865476
adam,shuttle,AE,0.0020000000000000005,0.42886991151660586,0.8459184216403666,0.47192828394035935,0.4990953346107413,0.4490173739675306,16.090548157691956,50000.0,42.5,0.017979878558971388,0.022875391991042555,0.02582656223979222,0.0034746163584076064,0.04934239857325664,0.16550881964094638,0.0,0.7071067811865476
adam,shuttle,AE,0.004000000000000001,0.4523908805244278,0.8601844860277861,0.49395508638703844,0.4936075454341534,0.49430361720307603,15.936382412910461,50000.0,42.5,0.0032484029650699784,0.00486068508765996,0.006333425817657357,0.006824922946707414,0.005840528810712024,0.039577745213063974,0.0,0.7071067811865476
adam,shuttle,AE,0.008000000000000004,0.3960123391621915,0.8420240762830955,0.4360981588419013,0.42137435475781504,0.45357448020506974,15.956634521484375,50000.0,42.5,0.03772152605070246,0.01916712092242348,0.03551173024003995,0.05848480617164371,0.008660094443469548,0.14416110369539048,0.0,0.7071067811865476
adam,shuttle,AE,0.016,0.3751515320001587,0.8268527242626458,0.4150583941411926,0.40194575083923545,0.42908003417829677,15.927356600761414,50000.0,42.5,0.0039610276874738745,0.005974181215777227,0.004167893878866463,0.006933120081859046,0.0010069877259848722,0.0576354781638595,0.0,0.7071067811865476
adam,shuttle,AE,0.03200000000000001,0.4145418549852171,0.8489040179992,0.4480269837966242,0.438751515785867,0.45770435773283963,15.864404797554016,50000.0,42.5,0.01650546023694762,0.005212748637416382,0.013049320381036473,0.012074627647208541,0.014097828163787624,0.1096143434953749,0.0,0.7071067811865476
adam,shuttle,AE,0.06399999999999999,0.18552271383784993,0.47946701170690015,0.2469645943268206,0.19236172762435966,0.7087724295072628,16.000077724456787,50000.0,42.5,0.16310650869962534,0.4553152105292672,0.15873949397882112,0.16986392664099878,0.40501046339109853,0.14352890096772705,0.0,0.7071067811865476
adam,shuttle,AE,0.128,0.28525268710047336,0.5508138688489645,0.44378066288947743,0.5214050743949163,0.4594132725719168,15.676861047744751,50000.0,42.5,0.18537547519940661,0.38167513871364495,0.29111325317601944,0.06469072014879097,0.4253516154559921,0.09636455443530811,0.0,0.7071067811865476
adam,shuttle,AE,0.256,0.31353621322386244,0.4224946365393254,0.39793249989473195,0.5382269812511059,0.3178581600683566,15.528396606445312,50000.0,42.5,0.05506520105402487,0.061351631784825,0.077536760097725,0.038931578349048736,0.08418417389233175,0.03741358883572659,0.0,0.7071067811865476
adam,shuttle,DAE,0.001,0.5718231650679069,0.9488663547197522,0.5776608236849137,0.4392491405677752,0.8481913984619767,23.897608399391174,50000.0,42.5,0.06225765979401068,0.008258129931290397,0.02978525068284412,0.04218436522790659,0.029404041598757053,0.004042894296558999,0.0,0.7071067811865476
adam,shuttle,DAE,0.0020000000000000005,0.5533155466540546,0.9455723438303468,0.5601313407275401,0.42727380631971723,0.8137282825405867,23.980623602867126,50000.0,42.5,0.02862977096673149,0.0033884542762527997,0.0069514885079959435,0.013526986380282033,0.019736959429302633,0.0006266393436599725,0.0,0.7071067811865476
adam,shuttle,DAE,0.004000000000000001,0.5659710198210844,0.945801178196302,0.5606962674526996,0.4283928390426212,0.8137282825405867,24.032408595085144,50000.0,42.5,0.044413944129526976,0.005690600607013303,0.018370780754876626,0.028322260623909322,0.024973295604423813,0.11329662935607468,0.0,0.7071067811865476
adam,shuttle,DAE,0.008000000000000004,0.5899729494252601,0.9455505447258207,0.5711466411121975,0.4723966223629304,0.7248647109085731,23.85376763343811,50000.0,42.5,0.04881684489232272,0.0044052675657992105,0.020856290939627046,0.03818547714627485,0.022959320152454145,0.24940717922370226,0.0,0.7071067811865476
adam,shuttle,DAE,0.016,0.5780406443948211,0.9295645909716368,0.5583543852598394,0.5074337235483044,0.6228994588436343,24.262800693511963,50000.0,42.5,0.014380230515100501,0.000552550993292716,0.015198501373166917,0.039969361088924855,0.022556525062060195,0.2091272675144468,0.0,0.7071067811865476
adam,shuttle,DAE,0.03200000000000001,0.5665241860706913,0.9190950321371534,0.5542045166018887,0.5124481664589899,0.6210481344346339,24.335310339927673,50000.0,42.5,0.09383388467770896,0.013994827629221643,0.06671972767423853,0.13543389179055632,0.03725854586143868,0.09013407011363968,0.0,0.7071067811865476
adam,shuttle,DAE,0.06399999999999999,0.5050314088111275,0.8766581299232377,0.4996296817416042,0.5232272934642082,0.4780689262318428,24.253349781036377,50000.0,42.5,0.01151826000171496,0.00398100556292973,0.005577480023154696,0.006202473483019367,0.005034938629924145,0.09476567159019884,0.0,0.7071067811865476
adam,shuttle,DAE,0.128,0.19762447494212645,0.34485760373821467,0.34436728630236424,0.37857774123332777,0.7332668755340359,24.26028084754944,50000.0,42.5,0.20365118618742126,0.3002357430709906,0.298239186211588,0.4342551863325474,0.37721760215391725,0.052638379217013864,0.0,0.7071067811865476
adam,shuttle,DAE,0.256,0.7127170234295872,0.9484860075178106,0.7228223032432921,0.6504604391565063,0.8133010538308174,24.283843755722046,50000.0,42.5,0.01912903505725251,0.0039111088717842715,0.0033619259772573475,0.00377027516040161,0.0026181680875605306,0.0034681798702644482,0.0,0.7071067811865476
adam,shuttle,PW-AE,0.001,0.9538457272243532,0.9861988738366423,0.9506188162938936,0.9835550553852181,0.9198234121332953,24.14600706100464,50000.0,42.5,0.0002399748370415761,8.145851661355015e-05,0.002313957855833107,0.0003421669761045861,0.004632143539530197,0.10933769158174939,0.0,0.7071067811865476
adam,shuttle,PW-AE,0.0020000000000000005,0.9475434151680245,0.9858748050623356,0.9452460303780645,0.96046341362651,0.9305041298775277,24.063823223114014,50000.0,42.5,0.002961429315829856,0.00027741312372224285,0.004143642083139216,0.005123051663882653,0.003222360723151434,0.19765152360190055,0.0,0.7071067811865476
adam,shuttle,PW-AE,0.004000000000000001,0.9019870556218557,0.9818465411019086,0.8866807909742642,0.9299473196405548,0.8481913984619767,24.166331887245178,50000.0,42.5,0.039788835947634445,0.0035094182736971355,0.06278954319336424,0.032830927586270396,0.08740653461548319,0.06097249704155805,0.0,0.7071067811865476
adam,shuttle,PW-AE,0.008000000000000004,0.9095079122414884,0.9823279208116569,0.8801813658432023,0.8990042864954295,0.8625747650242097,26.019752025604248,50000.0,42.5,0.017307669071633943,0.002093043847231137,0.04505845221131615,0.06702939341055589,0.024771898059226857,0.02221644678706246,0.0,0.7071067811865476
adam,shuttle,PW-AE,0.016,0.8376208609829325,0.969081056718121,0.7824695942107445,0.7949267080146178,0.7708630019937339,25.740530490875244,50000.0,42.5,0.01778703724931988,0.0006102850151554523,0.024625384018672578,0.04500170723398679,0.005437733720318094,0.04268801404577391,0.0,0.7071067811865476
adam,shuttle,PW-AE,0.03200000000000001,0.6080520190222827,0.7212075784208883,0.6753998080810595,0.7131845107013988,0.6426943890629451,26.46698498725891,50000.0,42.5,0.497160970091895,0.3653336625496359,0.39675383682793974,0.3867564583068861,0.40219089775834105,0.049541428788433366,0.0,0.7071067811865476
adam,shuttle,PW-AE,0.06399999999999999,0.13530753086869857,0.3498333071398359,0.20681884659549668,0.2852399455567264,0.17886641982341214,26.442199230194092,50000.0,42.5,0.04176165414715423,0.13690788730356993,0.04821546763726313,0.06234840153309992,0.08740653461548323,0.162381354894044,0.0,0.7071067811865476
adam,shuttle,PW-AE,0.128,0.09436431332516612,0.26019231533643666,0.1518746798729,0.16660364939221706,0.5616633437767018,26.513370275497437,50000.0,42.5,0.04535997753042684,0.22376482654717356,0.024323162659325423,0.13349491768236585,0.6174848735738976,0.1599176187174912,0.0,0.7071067811865476
adam,shuttle,PW-AE,0.256,0.7487840259513496,0.9491397088676796,0.7480683547217877,0.6824643800584532,0.8283964682426659,25.571197986602783,50000.0,42.5,0.07805812669542751,0.0028864536868592754,0.041912185960806876,0.0561493536024685,0.019938356974499666,0.0029509537453387565,0.0,0.7071067811865476
hd-sgd,covertype,AE,0.001,0.5732890798747685,0.9802633424550913,0.5670935059358795,0.7582538517975055,0.45295202952029523,12.329017400741577,50000.0,42.5,0.01879285968612102,0.0043169114105209815,0.029126050891151896,0.04928477198292146,0.01956937586309636,0.08191796346492598,0.0,0.7071067811865476
hd-sgd,covertype,AE,0.0020000000000000005,0.6493994216587589,0.9853747836883924,0.6328038970272827,0.7698509057355155,0.5387453874538746,12.498204827308655,50000.0,42.5,0.011087728772828933,0.0014962380709645103,0.003447011039260321,0.05803557186174867,0.023483251035715597,0.023113837485556416,0.0,0.7071067811865476
hd-sgd,covertype,AE,0.004000000000000001,0.7213398205980166,0.9896760030016896,0.69601602816035,0.7944214532180937,0.6217712177121771,12.32586407661438,50000.0,42.5,0.013334091521256392,0.0003488549149977491,0.003195887762274688,0.06357849524287737,0.03392025149603366,0.047817791271731844,0.0,0.7071067811865476
hd-sgd,covertype,AE,0.008000000000000004,0.7794280674013221,0.9928991336195055,0.7274277196083156,0.7931022318383858,0.6743542435424354,12.390616655349731,50000.0,42.5,0.010278719662491298,0.001037859858645738,0.0021838894062300397,0.05745523221465911,0.03783412666865295,0.013086090700450467,0.0,0.7071067811865476
hd-sgd,covertype,AE,0.016,0.7838945319815689,0.994720799294612,0.7249002033591925,0.719323201687875,0.731549815498155,12.590957760810852,50000.0,42.5,0.00841978594500526,0.0013324015585222371,0.015959654447207018,0.010259039177167485,0.0430526268988119,0.27871289451769116,0.0,0.7071067811865476
hd-sgd,covertype,AE,0.03200000000000001,0.739007353643327,0.9943238207706595,0.6738653496810227,0.6533222641057859,0.6974169741697417,12.845303058624268,50000.0,42.5,0.009213926503874236,0.00011875575253843873,0.009309117440716734,0.02149074908775846,0.04435725195635172,0.25184225554326767,0.0,0.7071067811865476
hd-sgd,covertype,AE,0.06399999999999999,0.7091421970208314,0.9906654369528045,0.6669118763514894,0.6753759398496241,0.6586715867158672,12.945927500724792,50000.0,42.5,0.035258315906948126,0.0010327951974980043,0.02862221403587138,0.025785472847780138,0.031311001380954065,0.024474337755488077,0.0,0.7071067811865476
hd-sgd,covertype,AE,0.128,0.6898632970897164,0.9869149663533514,0.6693423041294915,0.7213246142916994,0.6291512915129152,12.786916017532349,50000.0,42.5,0.07904181120801401,0.006532384121359536,0.06900970553888079,0.004070124097978945,0.11741625517857798,0.10826547575563224,0.0,0.7071067811865476
hd-sgd,covertype,AE,0.256,0.6279424053262324,0.9770057422459459,0.6441080541054095,0.6944375721589973,0.603321033210332,12.886353850364685,50000.0,42.5,0.09392914070082119,0.015574756274990694,0.07556776486602376,0.029244107765549542,0.10958850483333953,0.1555072039019172,0.0,0.7071067811865476
hd-sgd,covertype,DAE,0.001,0.5906901535896173,0.9825252415146983,0.5793789946450163,0.8283115506888026,0.4455719557195572,19.90343940258026,50000.0,42.5,0.014397913608992773,0.00353911662612595,0.01906097999726391,0.010265661853326434,0.01956937586309636,0.051656694821498116,0.0,0.7071067811865476
hd-sgd,covertype,DAE,0.0020000000000000005,0.6713981378768488,0.9878927052645511,0.6453238667793886,0.8470596169409226,0.5212177121771218,19.654635190963745,50000.0,42.5,0.005983522450914577,0.0007414452892823333,0.007658828967199373,0.0022699138646128636,0.009132375402778245,0.019408117977084572,0.0,0.7071067811865476
hd-sgd,covertype,DAE,0.004000000000000001,0.758583532315524,0.9926552164951468,0.7163543828981391,0.8519465501734549,0.6199261992619927,20.420396089553833,50000.0,42.5,0.007936015407616629,0.00046441887587539914,0.002478569055289898,0.057019172025270175,0.03392025149603366,0.0065556894047785015,0.0,0.7071067811865476
hd-sgd,covertype,DAE,0.008000000000000004,0.8361989033604245,0.9959910447703288,0.7791498834004664,0.7941152722521543,0.764760147601476,20.531381607055664,50000.0,42.5,0.002160803375812078,0.0013322696663048096,0.005471570386540106,0.009960346999258475,0.0013046250575397772,0.19680049443676859,0.0,0.7071067811865476
hd-sgd,covertype,DAE,0.016,0.8700575038912752,0.9978385253341797,0.8092961154774168,0.8243412384716733,0.7952029520295203,20.55169379711151,50000.0,42.5,0.00018120619516395197,0.0007677709758734043,0.008288707065946815,0.01085348353204643,0.02609250115079507,0.0001158195397079368,0.0,0.7071067811865476
hd-sgd,covertype,DAE,0.03200000000000001,0.8626684375060654,0.9981916521215437,0.8048763572957122,0.7638573899673265,0.8505535055350553,20.65259861946106,50000.0,42.5,0.0073602755224818845,0.00017879308989456028,0.013324454087905281,0.011375136956623873,0.01565550069047705,0.15654823106013627,0.0,0.7071067811865476
hd-sgd,covertype,DAE,0.06399999999999999,0.831958098588222,0.9977731674077628,0.7792159852830828,0.7374505661195081,0.8265682656826567,20.711012721061707,50000.0,42.5,0.0032005354016011894,0.00010762404939068678,0.006324303624728993,0.023780913904361496,0.01565550069047713,0.06405191438115801,0.0,0.7071067811865476
hd-sgd,covertype,DAE,0.128,0.8027567433426774,0.9971613694664181,0.7648920707349367,0.7224646300826216,0.8136531365313653,20.998879313468933,50000.0,42.5,0.014532139592968065,1.3294735512904156e-05,0.0037449526592807656,0.020076599075418842,0.03392025149603366,0.12838587547255093,0.0,0.7071067811865476
hd-sgd,covertype,DAE,0.256,0.8133707736395346,0.9972524117149457,0.7698080553807425,0.7412371555109496,0.8007380073800738,21.032937049865723,50000.0,42.5,0.0033324745690158104,0.00017528475691201616,0.007809769672639357,0.0010645159475665747,0.01565550069047705,0.1186120213028746,0.0,0.7071067811865476
hd-sgd,covertype,PW-AE,0.001,0.5332584051322397,0.9746026260456708,0.5150121119185723,0.6385555672305698,0.43911439114391143,20.28826415538788,50000.0,42.5,0.04749179205877153,0.0115368760395809,0.03457196965598608,0.15184802972964034,0.023483251035715597,0.2161507869376962,0.0,0.7071067811865476
hd-sgd,covertype,PW-AE,0.0020000000000000005,0.5539881063378443,0.9786276969284311,0.5445183811497764,0.7449559794570799,0.4308118081180812,20.337380170822144,50000.0,42.5,0.009133795251937579,0.0026223338230446217,0.014902697733745057,0.049760326800300625,0.0352248765535734,0.31898758001773125,0.0,0.7071067811865476
hd-sgd,covertype,PW-AE,0.004000000000000001,0.6292135638971759,0.9833426819043151,0.6231689802459506,0.8339272986457591,0.4981549815498155,20.188148617744446,50000.0,42.5,0.012902275962879342,0.00129454849213121,0.020329735259839315,0.07257546435556864,0.0,0.01022566838571311,0.0,0.7071067811865476
hd-sgd,covertype,PW-AE,0.008000000000000004,0.7021818483086508,0.9886837152370068,0.6792467981318777,0.7790116214102134,0.6051660516605166,20.479830026626587,50000.0,42.5,0.021491386043163887,0.0026182187858621933,0.03640518881453925,0.10783595704819991,0.007827750345238584,0.031171471983869138,0.0,0.7071067811865476
hd-sgd,covertype,PW-AE,0.016,0.7465405840437467,0.99086358114582,0.7037376019466752,0.7380670493502353,0.6771217712177122,20.597774982452393,50000.0,42.5,0.03047027222050426,0.0024340444934979086,0.057536295548979294,0.12517137380272264,0.0,0.20158298163099675,0.0,0.7071067811865476
hd-sgd,covertype,PW-AE,0.03200000000000001,0.7842948887574003,0.9939288007462144,0.7271120652268193,0.8341013824884793,0.6448339483394834,21.07579255104065,50000.0,42.5,0.07486667741149772,0.004595230367658447,0.05555225666230517,0.03910267914395657,0.06392662781944802,0.006680444076370747,0.0,0.7071067811865476
hd-sgd,covertype,PW-AE,0.06399999999999999,0.7587741504594131,0.9940341120625811,0.6985533453887884,0.7452594020027101,0.6660516605166051,20.925265550613403,50000.0,42.5,0.12059221234779738,0.005457752712505425,0.09896937588397625,0.011719159692068893,0.16699200736508876,0.04139629743261203,0.0,0.7071067811865476
hd-sgd,covertype,PW-AE,0.128,0.7770994180599509,0.996109692535722,0.7093441150044923,0.68154127146515,0.7398523985239852,20.930757999420166,50000.0,42.5,0.01343870285692095,0.0008269905814817263,0.006988476723317107,0.007033753362013523,0.023483251035715597,0.08582851665716078,0.0,0.7071067811865476
hd-sgd,covertype,PW-AE,0.256,0.7539422936864861,0.9957109979931535,0.7132847444973776,0.6885709738456913,0.7398523985239852,21.11472523212433,50000.0,42.5,0.031224332431049454,0.00047191035382317944,0.035838267656698515,0.03741292488479285,0.03392025149603366,0.005360910543191677,0.0,0.7071067811865476
hd-sgd,creditcard,AE,0.001,0.4092649709659063,0.8726173392159711,0.5579885589498921,0.5710072370377715,0.5472972972972974,15.537109017372131,50000.0,42.5,0.003737340274376959,0.00601512136838708,0.011765811047301566,0.04532016794260955,0.019110994086122986,0.14326202712295608,0.0,0.7071067811865476
hd-sgd,creditcard,AE,0.0020000000000000005,0.3840920751551985,0.9225807715161201,0.5469966926277606,0.5617639751552794,0.5371621621621622,15.72579562664032,50000.0,42.5,0.005801991537856548,0.0022960066061604206,0.013830816517393948,0.06538761340562314,0.033444239650715135,0.08524334981243553,0.0,0.7071067811865476
hd-sgd,creditcard,AE,0.004000000000000001,0.36535762365939006,0.9558331173787926,0.53125,0.5868055555555556,0.4898648648648649,15.857269763946533,50000.0,42.5,0.032855562902322895,0.0024652576670811605,0.04419417382415922,0.11294066643951796,0.004777748521530736,0.010025217974195299,0.0,0.7071067811865476
hd-sgd,creditcard,AE,0.008000000000000004,0.37918287205351386,0.9684329127731599,0.5288314104014278,0.5609243697478992,0.5033783783783784,15.6646249294281,50000.0,42.5,0.0422144376952904,0.0025335906265583374,0.03602808851683209,0.0861600699765121,0.004777748521530756,0.20975879589253402,0.0,0.7071067811865476
hd-sgd,creditcard,AE,0.016,0.4097240148858654,0.9706124046095361,0.5323188405797101,0.55078125,0.5168918918918919,15.678858757019043,50000.0,42.5,0.048784752102523504,0.0021482234034765377,0.03627765225217958,0.07181553246425873,0.004777748521530756,0.017516904590703732,0.0,0.7071067811865476
hd-sgd,creditcard,AE,0.03200000000000001,0.42441309488094764,0.9706906090677052,0.5228207236842106,0.5662393162393162,0.49324324324324326,15.740933775901794,50000.0,42.5,0.04732719086909249,0.001728450104023937,0.022969340342819503,0.10274201094163506,0.03822198817224581,0.03420553931447138,0.0,0.7071067811865476
hd-sgd,creditcard,AE,0.06399999999999999,0.4118456117715354,0.9708345486423597,0.5060719555101577,0.534854210140432,0.4831081081081081,15.731491446495056,50000.0,42.5,0.04749516056457146,0.0019151437997622308,0.027125421863699095,0.01607151501991866,0.06211073077989938,0.015507848615886437,0.0,0.7071067811865476
hd-sgd,creditcard,AE,0.128,0.36980894266001213,0.9713128563249922,0.49060202903833305,0.5065950044139793,0.4763513513513513,15.703946113586426,50000.0,42.5,0.051146908504143766,0.002513176993502792,0.03486348724931664,0.014724506374606962,0.052555233736837986,0.04614843889591236,0.0,0.7071067811865476
hd-sgd,creditcard,AE,0.256,0.2993020496403219,0.9706056277934036,0.44947663679277555,0.41822865471308,0.4864864864864865,16.145116448402405,50000.0,42.5,0.04344052203175791,0.0030960676800940896,0.02631635006947265,0.01016212843517937,0.04777748521530727,0.05071901173582775,0.0,0.7071067811865476
hd-sgd,creditcard,DAE,0.001,0.4323049658290997,0.8834161279549628,0.5781313448263132,0.6093167701863353,0.5574324324324325,23.134990096092224,50000.0,42.5,0.011255277454650851,0.002957580826735713,0.021247920553946274,0.0975016803872134,0.04299973669377661,0.12583919429812865,0.0,0.7071067811865476
hd-sgd,creditcard,DAE,0.0020000000000000005,0.4222149462103905,0.9355134441189162,0.5748717878208742,0.6412164458036018,0.5236486486486487,23.384345173835754,50000.0,42.5,0.01021891789830445,4.964442217260415e-05,0.02343055014587435,0.07924016868342625,0.01433324556459223,0.13153441364370874,0.0,0.7071067811865476
hd-sgd,creditcard,DAE,0.004000000000000001,0.4175272307795973,0.9637233644018728,0.5683880597014925,0.6669117647058823,0.4966216216216216,23.210100531578064,50000.0,42.5,0.029180558083227098,0.002332233616935166,0.03339232620409305,0.08284241210960044,0.004777748521530736,0.146801688048295,0.0,0.7071067811865476
hd-sgd,creditcard,DAE,0.008000000000000004,0.42840821733910844,0.9718639470128879,0.5575228286260352,0.6052138034508627,0.5168918918918919,23.446612238883972,50000.0,42.5,0.0368466304669416,0.001002568147390888,0.022636726961960497,0.033684381549396646,0.01433324556459211,0.13541529545459188,0.0,0.7071067811865476
hd-sgd,creditcard,DAE,0.016,0.4517344473341274,0.9723513356291379,0.5429032258064516,0.5575783447167537,0.5304054054054054,23.259339332580566,50000.0,42.5,0.04321665091962277,0.0008149160651241361,0.022961962141756703,0.05351596621374683,0.004777748521530756,0.13371880050833138,0.0,0.7071067811865476
hd-sgd,creditcard,DAE,0.03200000000000001,0.46539685422018917,0.9715633274492497,0.5528581803091608,0.7187134502923977,0.44932432432432434,23.50049889087677,50000.0,42.5,0.03456606465797317,0.0010242276829334914,0.021274091352225244,0.010751331175935777,0.023888742607653626,0.2866375135621035,0.0,0.7071067811865476
hd-sgd,creditcard,DAE,0.06399999999999999,0.46916903155779666,0.9717236669189449,0.5578551912568306,0.7182971014492754,0.4560810810810811,24.267869353294373,50000.0,42.5,0.02977093967372528,0.0014231081560661216,0.0006761950093314026,0.014090896001905821,0.004777748521530756,0.28260490309658115,0.0,0.7071067811865476
hd-sgd,creditcard,DAE,0.128,0.4673209351992348,0.9727320571594622,0.5518707922241162,0.7152689415847311,0.44932432432432434,24.33695077896118,50000.0,42.5,0.022941780439966333,0.0014762027697411422,0.000608766621198277,0.014150314996561296,0.004777748521530736,0.03139130994570196,0.0,0.7071067811865476
hd-sgd,creditcard,DAE,0.256,0.4601764887437243,0.9750013418095942,0.545469387755102,0.6786941580756014,0.4560810810810811,24.331263184547424,50000.0,42.5,0.01624630097011649,0.0010234609737108193,0.0020780280916503184,0.01700944147184133,0.004777748521530756,0.11039591465416092,0.0,0.7071067811865476
hd-sgd,creditcard,PW-AE,0.001,0.3983736606813584,0.8138575318076642,0.5410536307546274,0.5383651177365923,0.5439189189189189,24.620335340499878,50000.0,42.5,0.05243628909292847,0.01632419773875328,0.014766349488470951,0.0058244985109823484,0.023888742607653744,0.15573429112169387,0.0,0.7071067811865476
hd-sgd,creditcard,PW-AE,0.0020000000000000005,0.429173177148756,0.8764626402258794,0.5724815724815725,0.6132339235787512,0.5405405405405406,24.79015076160431,50000.0,42.5,0.013779226485087583,0.004235397585092028,0.02606044648107671,0.08369297410129688,0.019110994086122986,0.2262525435887873,0.0,0.7071067811865476
hd-sgd,creditcard,PW-AE,0.004000000000000001,0.4228814077472155,0.9309970350074057,0.5791780057218616,0.6521326681188954,0.5236486486486487,24.586990356445312,50000.0,42.5,0.01102114397362225,0.0006953094263761573,0.023900811165080207,0.08223327404003483,0.01433324556459223,0.025468497618163045,0.0,0.7071067811865476
hd-sgd,creditcard,PW-AE,0.008000000000000004,0.4176392145618207,0.9618701762622769,0.570807024157321,0.6938596491228071,0.4864864864864865,24.6713889837265,50000.0,42.5,0.024943960571848087,0.0021282889636851424,0.019169828547858737,0.07567283096908663,0.009555497043061493,0.15066099067274055,0.0,0.7071067811865476
hd-sgd,creditcard,PW-AE,0.016,0.42687976032813824,0.9709805890300154,0.5582855116807396,0.602787456445993,0.5202702702702702,24.390145897865295,50000.0,42.5,0.0342510181401284,0.000794119077457333,0.024551093609502545,0.04434816049253615,0.009555497043061472,0.05768301980897979,0.0,0.7071067811865476
hd-sgd,creditcard,PW-AE,0.03200000000000001,0.4534411062878953,0.9721784590495975,0.5409668143504178,0.5664674527539977,0.5202702702702703,24.379939675331116,50000.0,42.5,0.03958657972976451,0.0004954858351983687,0.017732428875724314,0.06121938858277978,0.01911099408612287,0.1065200904650991,0.0,0.7071067811865476
hd-sgd,creditcard,PW-AE,0.06399999999999999,0.47100215491038167,0.9720553920686312,0.5524964288143663,0.7088373655913979,0.45270270270270274,24.531776070594788,50000.0,42.5,0.028212120406987132,0.0007120811906238539,0.018494153960018307,0.014018582019491334,0.01911099408612289,0.13525817200334325,0.0,0.7071067811865476
hd-sgd,creditcard,PW-AE,0.128,0.48204193823714014,0.9725587062027927,0.5643250688705235,0.7312673450508789,0.4594594594594595,24.804436683654785,50000.0,42.5,0.0220445339196136,0.0011045404740159977,0.0033115193609287528,0.01112008814076899,0.0,0.07200569904473988,0.0,0.7071067811865476
hd-sgd,creditcard,PW-AE,0.256,0.48827184316962924,0.973323808744153,0.5531240955719201,0.6820710521178996,0.46621621621621623,24.616776704788208,50000.0,42.5,0.01643696132617367,0.0013797890849809931,0.000841333598221693,0.04340915141190107,0.01911099408612289,0.061417061999650954,0.0,0.7071067811865476
hd-sgd,shuttle,AE,0.001,0.6330197994897135,0.9256138484756427,0.6150633240163657,0.6115650172612198,0.6577898034747935,14.249747037887573,50000.0,42.5,0.2945444084882596,0.06021286929069673,0.23136652662049798,0.3564827167293746,0.07230171872571078,0.08669775326084946,0.0,0.7071067811865476
hd-sgd,shuttle,AE,0.0020000000000000005,0.8224026170923578,0.9622345727849733,0.7507139845162987,0.8501797128383,0.6733124465964113,14.66372561454773,50000.0,42.5,0.10250107317546296,0.01887443929705138,0.1423730757045362,0.11814176894903233,0.15427051962087596,0.1075735930904774,0.0,0.7071067811865476
hd-sgd,shuttle,AE,0.004000000000000001,0.898879891689931,0.9735975200279038,0.8472102499302978,0.9212156557714767,0.7845343207063515,14.613996624946594,50000.0,42.5,0.0353166576836148,0.006938884558287145,0.053790534500632745,0.037421013381344265,0.06505140709861994,0.029258173648868593,0.0,0.7071067811865476
hd-sgd,shuttle,AE,0.008000000000000004,0.9284511266903875,0.9775849723658706,0.8961522564962493,0.9518952884603854,0.8471945314725149,14.410232901573181,50000.0,42.5,0.008223297986820356,0.001908633393713263,0.01422806501494392,0.012931105770520616,0.035647365499862964,0.12225502630076224,0.0,0.7071067811865476
hd-sgd,shuttle,AE,0.016,0.9409017208245536,0.9795017222042329,0.9205794229820827,0.9579181660101495,0.8866419823412133,14.205893635749817,50000.0,42.5,0.004666646371088455,0.00041934038515028117,0.009264455676495923,0.03602528252233603,0.013695033073393674,0.06390389464918775,0.0,0.7071067811865476
hd-sgd,shuttle,AE,0.03200000000000001,0.9239269804694885,0.9796290054823655,0.9105731624947927,0.9292108090372282,0.8931928225576758,14.324046015739441,50000.0,42.5,0.02823156486073907,0.002057965171566122,0.033356858896686443,0.05720354306935182,0.011278262531030097,0.042206359860991416,0.0,0.7071067811865476
hd-sgd,shuttle,AE,0.06399999999999999,0.8355921647661261,0.972414913921403,0.7854039312306784,0.7959792792358039,0.7784107091996582,14.122292041778564,50000.0,42.5,0.009584640017586226,0.004494210122283817,0.03130352165454848,0.021183147208249795,0.08136460825957426,0.09856866602503384,0.0,0.7071067811865476
hd-sgd,shuttle,AE,0.128,0.6773075617690698,0.9551589826999582,0.6236768005658399,0.54986612064368,0.7211620620905725,14.207520127296448,50000.0,42.5,0.045853867521558796,0.012927415338114777,0.0768055312199263,0.0529604785101773,0.11399101058148267,0.01139667642473979,0.0,0.7071067811865476
hd-sgd,shuttle,AE,0.256,0.5629139368873183,0.9400133128862023,0.5543710785729061,0.43372507988127934,0.768014810595272,14.17264997959137,50000.0,42.5,0.006501627394826327,0.0007102680767390876,0.008158901237141827,0.007611508985859045,0.00745170917228776,0.10530592405319726,0.0,0.7071067811865476
hd-sgd,shuttle,DAE,0.001,0.6672730533809277,0.9358436484001,0.6519183375407441,0.6303967905928469,0.7101965252064939,22.45724904537201,50000.0,42.5,0.304005343405695,0.056375346114363005,0.23041802404205308,0.3395688895854963,0.07874644017201365,0.1328085971678901,0.0,0.7071067811865476
hd-sgd,shuttle,DAE,0.0020000000000000005,0.8613246546528209,0.969544957782151,0.7880029371275616,0.8813073243268021,0.7136143548846483,22.070943117141724,50000.0,42.5,0.10041121910523425,0.016635253445749506,0.14731508869888865,0.12528849048283283,0.15890266316040616,0.22143987925102532,0.0,0.7071067811865476
hd-sgd,shuttle,DAE,0.004000000000000001,0.9219023072722288,0.9769146920753714,0.8799798394722226,0.9552569325095398,0.8164340643691257,22.23312282562256,50000.0,42.5,0.033896677143016245,0.006213537952575288,0.050924869308920574,0.023076633879254533,0.070690538364135,0.14362027533529867,0.0,0.7071067811865476
hd-sgd,shuttle,DAE,0.008000000000000004,0.9387902188832804,0.9792986575162994,0.9105736859997149,0.970844185825481,0.8584448874964398,22.092880606651306,50000.0,42.5,0.009745048389335877,0.002004180814192687,0.01591728838460696,0.02106379753233053,0.0447102550337264,0.15769243370351002,0.0,0.7071067811865476
hd-sgd,shuttle,DAE,0.016,0.9440908612973187,0.9809799220438031,0.9283839676713317,0.9685257423548707,0.8916263172885217,22.23456346988678,50000.0,42.5,3.603673681018032e-05,0.0003017472982264414,0.0004466830027932605,0.015467441599483484,0.01228525025701495,0.13402208923021575,0.0,0.7071067811865476
hd-sgd,shuttle,DAE,0.03200000000000001,0.9355550235637747,0.9826837104382646,0.9150491224945496,0.941058249247539,0.890487040729137,22.227988481521606,50000.0,42.5,0.007575127138194963,0.0006134394451836566,0.01800912594453454,0.025720999046847205,0.011076864985833065,0.337908817600818,0.0,0.7071067811865476
hd-sgd,shuttle,DAE,0.06399999999999999,0.8359521521268021,0.9758533930809155,0.7519829096445827,0.7824837777188838,0.7242950726288806,22.263073921203613,50000.0,42.5,0.040860147100588454,0.003379370931521345,0.04244120781074844,0.06641667765854184,0.02175093488127226,0.08625976321112425,0.0,0.7071067811865476
hd-sgd,shuttle,DAE,0.128,0.6743015790531639,0.9602594014714403,0.6212996619312257,0.4837205366597973,0.8682711478211336,22.27392816543579,50000.0,42.5,0.035848167640136555,0.002296053951195954,0.0040388756630269996,0.004833759145829892,0.00020139754519691558,0.11315451018289595,0.0,0.7071067811865476
hd-sgd,shuttle,DAE,0.256,0.5655492171116976,0.9478668011109308,0.5796365717963676,0.432086265641506,0.8805183708345201,22.43749248981476,50000.0,42.5,0.004536975671865547,0.0009442172192028821,0.00014568711448215138,0.004446190807561003,0.01913276679371173,0.2193499013270671,0.0,0.7071067811865476
hd-sgd,shuttle,PW-AE,0.001,0.4805371750667273,0.8233979223285348,0.4902376240417506,0.44087229655163884,0.8634292224437482,22.28896915912628,50000.0,42.5,0.5171458160814607,0.2102353347807278,0.42296517400038075,0.4727026678655608,0.08398277634713483,0.17829549912957546,0.0,0.7071067811865476
hd-sgd,shuttle,PW-AE,0.0020000000000000005,0.64292895041012,0.931175000599491,0.6368529603917996,0.6230959305395586,0.6999430361720307,22.341267228126526,50000.0,42.5,0.34516989185774044,0.06446521768763046,0.2619964333652136,0.38850119096074004,0.08237159598555915,0.15572367011586913,0.0,0.7071067811865476
hd-sgd,shuttle,PW-AE,0.004000000000000001,0.8617333230386479,0.9709535179487355,0.7860262874380521,0.8195704448044594,0.7584733694104244,22.1823650598526,50000.0,42.5,0.10426230921163623,0.01679837812353014,0.15335060263674538,0.2163684960698315,0.09828200205611932,0.04891748684307809,0.0,0.7071067811865476
hd-sgd,shuttle,PW-AE,0.008000000000000004,0.9303139881720813,0.9792693046378061,0.8911199505853689,0.9727990646357993,0.8227000854457419,22.41721510887146,50000.0,42.5,0.029602565671942124,0.005434486512936034,0.04080826320679851,0.014645740174431682,0.05900948074271102,0.05130080683267213,0.0,0.7071067811865476
hd-sgd,shuttle,PW-AE,0.016,0.9492359409894835,0.981952903112771,0.9238721863056121,0.9700033184850012,0.8822272856735973,22.711844325065613,50000.0,42.5,0.005117329242898031,0.001121713550880104,0.0072705687706908564,0.011490056622584125,0.02275792260725715,0.03017158014979669,0.0,0.7071067811865476
hd-sgd,shuttle,PW-AE,0.03200000000000001,0.955753964636002,0.9835645435871689,0.9426874978507812,0.9765077610951491,0.9111364283679864,23.20541524887085,50000.0,42.5,0.00013069965629877397,5.793724844717168e-05,0.0025774573470882093,0.00506871467549145,0.0004027950903939489,0.017197262891597113,0.0,0.7071067811865476
hd-sgd,shuttle,PW-AE,0.06399999999999999,0.9583731449327301,0.9848119222120479,0.9526736900477311,0.9856855009260743,0.9218171461122187,23.22206163406372,50000.0,42.5,0.00022518923875667398,0.0003410760602883474,0.004250833747797592,0.00012022332730742993,0.00785450426268163,0.0887356376800482,0.0,0.7071067811865476
hd-sgd,shuttle,PW-AE,0.128,0.9596768494966728,0.9856135313295993,0.9583614251577914,0.9874593044519417,0.9309313585872971,23.356512308120728,50000.0,42.5,0.0002065975759390301,0.0003995655548887686,0.003377747816857887,0.001960153348265402,0.004632143539530275,0.1497662973725513,0.0,0.7071067811865476
hd-sgd,shuttle,PW-AE,0.256,0.9604506384798193,0.9859754876848306,0.9613106814853574,0.9881222448785825,0.9359156935346056,23.741933465003967,50000.0,42.5,9.04143785899972e-05,0.00021252640968069845,0.0013406027464263283,0.001485896444779504,0.0012083852711817682,0.052592017683651876,0.0,0.7071067811865476
sgd,covertype,AE,0.001,0.5723676480347433,0.9802498940918076,0.5643640897393235,0.8160372194854953,0.43265682656826565,11.095202803611755,50000.0,42.5,0.019536661138446196,0.004416964846633674,0.030264459172311263,0.02716962016381816,0.043052626898811924,0.01801170859222163,0.0,0.7071067811865476
sgd,covertype,AE,0.0020000000000000005,0.6486815867011686,0.9853445854912268,0.6321109723026295,0.8118622769540085,0.5175276752767528,11.121242761611938,50000.0,42.5,0.010954262057502082,0.0014959479080864995,0.004276812092554039,0.004478283710957808,0.003913875172619174,0.005858749117802357,0.0,0.7071067811865476
sgd,covertype,AE,0.004000000000000001,0.7212131591098289,0.9896678705656401,0.6954708236781125,0.7859919254391616,0.6254612546125462,11.018856883049011,50000.0,42.5,0.013389250642098779,0.0003528116815195547,0.003396257554466633,0.05392209294320814,0.028701751265874667,0.021458983625624675,0.0,0.7071067811865476
sgd,covertype,AE,0.008000000000000004,0.7794165676503647,0.9928963171106902,0.7274277196083156,0.7931022318383858,0.6743542435424354,10.903693556785583,50000.0,42.5,0.010293124463805599,0.0010353539065152035,0.0021838894062300397,0.05745523221465911,0.03783412666865295,0.14238402397477715,0.0,0.7071067811865476
sgd,covertype,AE,0.016,0.7839125004058665,0.9947205008565918,0.7249002033591925,0.719323201687875,0.731549815498155,10.992984294891357,50000.0,42.5,0.008441584166830558,0.0013327708567308536,0.015959654447207018,0.010259039177167485,0.0430526268988119,0.055225184191218496,0.0,0.7071067811865476
sgd,covertype,AE,0.03200000000000001,0.7390093778911695,0.9943239513372932,0.6738653496810227,0.6533222641057859,0.6974169741697417,10.984528541564941,50000.0,42.5,0.009215689139926701,0.00011878213098186929,0.009309117440716734,0.02149074908775846,0.04435725195635172,0.17327749534586842,0.0,0.7071067811865476
sgd,covertype,AE,0.06399999999999999,0.7091421970208314,0.9906654369528045,0.6669118763514894,0.6753759398496241,0.6586715867158672,11.002295136451721,50000.0,42.5,0.035258315906948126,0.0010327951974980043,0.02862221403587138,0.025785472847780138,0.031311001380954065,0.01370295197525591,0.0,0.7071067811865476
sgd,covertype,AE,0.128,0.6898632443094507,0.9869149477009752,0.6693423041294915,0.7213246142916994,0.6291512915129152,10.906341075897217,50000.0,42.5,0.07904188585058161,0.006532410499802966,0.06900970553888079,0.004070124097978945,0.11741625517857798,0.046105954872613375,0.0,0.7071067811865476
sgd,covertype,AE,0.256,0.6279423848912719,0.9770057235935697,0.6441080541054095,0.6944375721589973,0.603321033210332,10.947001695632935,50000.0,42.5,0.0939291696002195,0.015574782653434125,0.07556776486602376,0.029244107765549542,0.10958850483333953,0.1655706912145604,0.0,0.7071067811865476
sgd,covertype,DAE,0.001,0.5898600501507106,0.9824744510941409,0.5781154035465226,0.8336212624584718,0.44280442804428044,18.498567581176758,50000.0,42.5,0.015049800644108392,0.0036547861007773614,0.01786424306826023,0.009020897142047605,0.023483251035715597,0.13762429607874485,0.0,0.7071067811865476
sgd,covertype,DAE,0.0020000000000000005,0.6705117925662195,0.987847081552218,0.6451371801994867,0.8567222813205682,0.5175276752767528,19.75368821620941,50000.0,42.5,0.005868694619783484,0.0007507832582735888,0.007922843660409604,0.011395157149741285,0.014350875632937235,0.1567453097237732,0.0,0.7071067811865476
sgd,covertype,DAE,0.004000000000000001,0.7582778365011671,0.9926387464469089,0.7164305471227148,0.8441517550969512,0.6236162361623616,19.926504373550415,50000.0,42.5,0.008013207687872425,0.00046080502911901504,0.00237085657592734,0.04599566711215948,0.028701751265874587,0.33558197438822857,0.0,0.7071067811865476
sgd,covertype,DAE,0.008000000000000004,0.8360750368764971,0.9959856542335894,0.7791498834004664,0.7941152722521543,0.764760147601476,19.869393229484558,50000.0,42.5,0.002130780940414145,0.0013312409070092123,0.005471570386540106,0.009960346999258475,0.0013046250575397772,0.050293159978473674,0.0,0.7071067811865476
sgd,covertype,DAE,0.016,0.8700600960396898,0.9978384320722984,0.8092961154774168,0.8243412384716733,0.7952029520295203,19.883219003677368,50000.0,42.5,0.00019024162107578613,0.0007676918405430341,0.008288707065946815,0.01085348353204643,0.02609250115079507,0.028559716075346058,0.0,0.7071067811865476
sgd,covertype,DAE,0.03200000000000001,0.8626683294986632,0.9981916521215437,0.8048763572957122,0.7638573899673265,0.8505535055350553,19.718753814697266,50000.0,42.5,0.007360435022687485,0.00017879308989456028,0.013324454087905281,0.011375136956623873,0.01565550069047705,0.24293881808903833,0.0,0.7071067811865476
sgd,covertype,DAE,0.06399999999999999,0.831958098588222,0.9977731674077628,0.7792159852830828,0.7374505661195081,0.8265682656826567,19.888867259025574,50000.0,42.5,0.0032005354016011894,0.00010762404939068678,0.006324303624728993,0.023780913904361496,0.01565550069047713,0.05662665119790274,0.0,0.7071067811865476
sgd,covertype,DAE,0.128,0.8027567433426774,0.9971613694664181,0.7648920707349367,0.7224646300826216,0.8136531365313653,19.73404836654663,50000.0,42.5,0.014532139592968065,1.3294735512904156e-05,0.0037449526592807656,0.020076599075418842,0.03392025149603366,0.17223157915322207,0.0,0.7071067811865476
sgd,covertype,DAE,0.256,0.8133511430286475,0.9972510873962311,0.7701499118165784,0.7418638361544936,0.8007380073800738,19.923630833625793,50000.0,42.5,0.0033602364451697183,0.00017715762639896124,0.00829322768058297,0.0019507762129432973,0.01565550069047705,0.1532660030855019,0.0,0.7071067811865476
sgd,covertype,PW-AE,0.001,0.5346235331734173,0.974566197954834,0.5156490165066494,0.6410012339150362,0.43911439114391143,19.578593850135803,50000.0,42.5,0.047077779815184205,0.011657821202927843,0.03547268876238237,0.15530672472385662,0.023483251035715597,0.07839229529329268,0.0,0.7071067811865476
sgd,covertype,PW-AE,0.0020000000000000005,0.553962629013518,0.9786368179404226,0.5451549722748812,0.7473668557129232,0.4308118081180812,19.540299773216248,50000.0,42.5,0.009324083132011432,0.002641721979001092,0.01488540053309194,0.05027712178578293,0.0352248765535734,0.12471775095295079,0.0,0.7071067811865476
sgd,covertype,PW-AE,0.004000000000000001,0.6291390889137253,0.9833398280907473,0.6231689802459506,0.8339272986457591,0.4981549815498155,19.609275341033936,50000.0,42.5,0.012878807289381287,0.0012907236178267927,0.020329735259839315,0.07257546435556864,0.0,0.1433866132071543,0.0,0.7071067811865476
sgd,covertype,PW-AE,0.008000000000000004,0.7021636056271765,0.9886830437514615,0.6792467981318777,0.7790116214102134,0.6051660516605166,19.772482752799988,50000.0,42.5,0.021507440137568213,0.00261800775831416,0.03640518881453925,0.10783595704819991,0.007827750345238584,0.07905652962582436,0.0,0.7071067811865476
sgd,covertype,PW-AE,0.016,0.7465406505640801,0.9908635438410675,0.7037376019466752,0.7380670493502353,0.6771217712177122,19.722522139549255,50000.0,42.5,0.030470422277112982,0.0024340444934979086,0.057536295548979294,0.12517137380272264,0.0,0.00602244747741867,0.0,0.7071067811865476
sgd,covertype,PW-AE,0.03200000000000001,0.7842923021446251,0.9939286888319567,0.7271120652268193,0.8341013824884793,0.6448339483394834,19.57476282119751,50000.0,42.5,0.07486301938863031,0.004595072096997706,0.05555225666230517,0.03910267914395657,0.06392662781944802,0.07768540835006797,0.0,0.7071067811865476
sgd,covertype,PW-AE,0.06399999999999999,0.7587752437754587,0.9940341120625812,0.6985533453887884,0.7452594020027101,0.6660516605166051,19.58861494064331,50000.0,42.5,0.12059388618713468,0.005457805469392404,0.09896937588397625,0.011719159692068893,0.16699200736508876,0.037751437973389916,0.0,0.7071067811865476
sgd,covertype,PW-AE,0.128,0.7770994180599509,0.996109692535722,0.7093441150044923,0.68154127146515,0.7398523985239852,19.668892741203308,50000.0,42.5,0.01343870285692095,0.0008269905814817263,0.006988476723317107,0.007033753362013523,0.023483251035715597,0.024341828063769826,0.0,0.7071067811865476
sgd,covertype,PW-AE,0.256,0.7539422936864861,0.9957109979931535,0.7132847444973776,0.6885709738456913,0.7398523985239852,20.56739902496338,50000.0,42.5,0.031224332431049454,0.00047191035382317944,0.035838267656698515,0.03741292488479285,0.03392025149603366,0.18122773967417538,0.0,0.7071067811865476
sgd,creditcard,AE,0.001,0.4100192670500289,0.8715515493428115,0.5601466878445296,0.5694711538461539,0.5540540540540541,14.480173468589783,50000.0,42.5,0.0044720865837568876,0.006151499771382717,0.011594622077757437,0.05405287413877928,0.02866649112918438,0.23866529623742772,0.0,0.7071067811865476
sgd,creditcard,AE,0.0020000000000000005,0.38467909119696453,0.9223553068433916,0.5480201789453646,0.5642155880585054,0.5371621621621622,14.570570826530457,50000.0,42.5,0.006135275296295043,0.0023125866931022533,0.015278244748652766,0.0688547176230539,0.033444239650715135,0.010118446803101396,0.0,0.7071067811865476
sgd,creditcard,AE,0.004000000000000001,0.3653641570088525,0.9557979457030648,0.53125,0.5868055555555556,0.4898648648648649,13.790010571479797,50000.0,42.5,0.032832154345162415,0.002463053378065763,0.04419417382415922,0.11294066643951796,0.004777748521530736,0.09918384142589884,0.0,0.7071067811865476
sgd,creditcard,AE,0.008000000000000004,0.3791755433108963,0.9684299309740616,0.5288314104014278,0.5609243697478992,0.5033783783783784,13.632458209991455,50000.0,42.5,0.042219794718620335,0.0025330155946412945,0.03602808851683209,0.0861600699765121,0.004777748521530756,0.019599633256718072,0.0,0.7071067811865476
sgd,creditcard,AE,0.016,0.40972402953048737,0.9706125401458587,0.5323188405797101,0.55078125,0.5168918918918919,13.448035597801208,50000.0,42.5,0.04878477281314655,0.002148415080782284,0.03627765225217958,0.07181553246425873,0.004777748521530756,0.04576119365179426,0.0,0.7071067811865476
sgd,creditcard,AE,0.03200000000000001,0.42441309488094764,0.9706906090677052,0.5228207236842106,0.5662393162393162,0.49324324324324326,12.818235158920288,50000.0,42.5,0.04732719086909249,0.001728450104023937,0.022969340342819503,0.10274201094163506,0.03822198817224581,0.024360204089720575,0.0,0.7071067811865476
sgd,creditcard,AE,0.06399999999999999,0.4118456117715354,0.9708345486423597,0.5060719555101577,0.534854210140432,0.4831081081081081,12.79930067062378,50000.0,42.5,0.04749516056457146,0.0019151437997622308,0.027125421863699095,0.01607151501991866,0.06211073077989938,0.11071403906672114,0.0,0.7071067811865476
sgd,creditcard,AE,0.128,0.36980894266001213,0.9713128563249922,0.49060202903833305,0.5065950044139793,0.4763513513513513,13.890295386314392,50000.0,42.5,0.051146908504143766,0.002513176993502792,0.03486348724931664,0.014724506374606962,0.052555233736837986,0.09957732440359654,0.0,0.7071067811865476
sgd,creditcard,AE,0.256,0.2993020738767869,0.970605695561565,0.44947663679277555,0.41822865471308,0.4864864864864865,13.752294659614563,50000.0,42.5,0.04344048775622042,0.003095971841441275,0.02631635006947265,0.01016212843517937,0.04777748521530727,0.10864665185356477,0.0,0.7071067811865476
sgd,creditcard,DAE,0.001,0.43256665201805966,0.882254852742496,0.57670823992767,0.6095706863549357,0.554054054054054,21.50410282611847,50000.0,42.5,0.01161737269536283,0.003127406919573653,0.023260494802287188,0.09714258869787296,0.03822198817224578,0.08070227976647776,0.0,0.7071067811865476
sgd,creditcard,DAE,0.0020000000000000005,0.42254615147015434,0.9352818125435072,0.5748717878208742,0.6412164458036018,0.5236486486486487,21.262575507164,50000.0,42.5,0.009899736524019128,5.961164206824288e-05,0.02343055014587435,0.07924016868342625,0.01433324556459223,0.13313498236275845,0.0,0.7071067811865476
sgd,creditcard,DAE,0.004000000000000001,0.41754822653560797,0.9636978158050533,0.5683880597014925,0.6669117647058823,0.4966216216216216,21.17877459526062,50000.0,42.5,0.029152596570365424,0.0023353962924789035,0.03339232620409305,0.08284241210960044,0.004777748521530736,0.0405965188352693,0.0,0.7071067811865476
sgd,creditcard,DAE,0.008000000000000004,0.42843186065622196,0.9718621850406934,0.5575228286260352,0.6052138034508627,0.5168918918918919,21.047667384147644,50000.0,42.5,0.03688392027078177,0.001003143179308088,0.022636726961960497,0.033684381549396646,0.01433324556459211,0.08285412926404996,0.0,0.7071067811865476
sgd,creditcard,DAE,0.016,0.4517344473341274,0.9723513356291379,0.5429032258064516,0.5575783447167537,0.5304054054054054,21.688477993011475,50000.0,42.5,0.04321665091962277,0.0008149160651241361,0.022961962141756703,0.05351596621374683,0.004777748521530756,0.09089423067338216,0.0,0.7071067811865476
sgd,creditcard,DAE,0.03200000000000001,0.46539685422018917,0.9715633274492497,0.5528581803091608,0.7187134502923977,0.44932432432432434,21.562991976737976,50000.0,42.5,0.03456606465797317,0.0010242276829334914,0.021274091352225244,0.010751331175935777,0.023888742607653626,0.04478777003858665,0.0,0.7071067811865476
sgd,creditcard,DAE,0.06399999999999999,0.46916903155779666,0.9717236669189449,0.5578551912568306,0.7182971014492754,0.4560810810810811,21.27327859401703,50000.0,42.5,0.02977093967372528,0.0014231081560661216,0.0006761950093314026,0.014090896001905821,0.004777748521530756,0.1954523010466021,0.0,0.7071067811865476
sgd,creditcard,DAE,0.128,0.4673209351992348,0.9727320571594622,0.5518707922241162,0.7152689415847311,0.44932432432432434,21.236300468444824,50000.0,42.5,0.022941780439966333,0.0014762027697411422,0.000608766621198277,0.014150314996561296,0.004777748521530736,0.08321170312681639,0.0,0.7071067811865476
sgd,creditcard,DAE,0.256,0.4601764887437243,0.9750013418095942,0.545469387755102,0.6786941580756014,0.4560810810810811,21.376755475997925,50000.0,42.5,0.01624630097011649,0.0010234609737108193,0.0020780280916503184,0.01700944147184133,0.004777748521530756,0.24744954240406825,0.0,0.7071067811865476
sgd,creditcard,PW-AE,0.001,0.39842514563852616,0.8134209693124079,0.5417673378076062,0.536359649122807,0.5472972972972974,24.16129469871521,50000.0,42.5,0.05264676654506194,0.016441312572527494,0.01635678773482972,0.013707947249318177,0.019110994086122907,0.24922982528516843,0.0,0.7071067811865476
sgd,creditcard,PW-AE,0.0020000000000000005,0.42905835538231407,0.8763309666884247,0.5724815724815725,0.6132339235787512,0.5405405405405406,24.67420506477356,50000.0,42.5,0.013801380187441897,0.004249677544365491,0.02606044648107671,0.08369297410129688,0.019110994086122986,0.022396498123901,0.0,0.7071067811865476
sgd,creditcard,PW-AE,0.004000000000000001,0.4228813062003156,0.9309729095419741,0.5791780057218616,0.6521326681188954,0.5236486486486487,24.857668161392212,50000.0,42.5,0.011020397187692875,0.0006970345221274048,0.023900811165080207,0.08223327404003483,0.01433324556459223,0.3141319258944882,0.0,0.7071067811865476
sgd,creditcard,PW-AE,0.008000000000000004,0.4176389142019916,0.9618688208990503,0.570807024157321,0.6938596491228071,0.4864864864864865,25.013883352279663,50000.0,42.5,0.024943807994530408,0.002128480640990771,0.019169828547858737,0.07567283096908663,0.009555497043061493,0.3432007758998458,0.0,0.7071067811865476
sgd,creditcard,PW-AE,0.016,0.4268797596486148,0.970980521261854,0.5582855116807396,0.602787456445993,0.5202702702702702,25.05081009864807,50000.0,42.5,0.03425101717913708,0.0007940232388044794,0.024551093609502545,0.04434816049253615,0.009555497043061472,0.022941709756237928,0.0,0.7071067811865476
sgd,creditcard,PW-AE,0.03200000000000001,0.45344078915699093,0.9721783912814362,0.5409668143504178,0.5664674527539977,0.5202702702702703,24.903743743896484,50000.0,42.5,0.039587028220590514,0.0004955816738511831,0.017732428875724314,0.06121938858277978,0.01911099408612287,0.016042439242398617,0.0,0.7071067811865476
sgd,creditcard,PW-AE,0.06399999999999999,0.47100215491038167,0.9720553920686312,0.5524964288143663,0.7088373655913979,0.45270270270270274,24.519734263420105,50000.0,42.5,0.028212120406987132,0.0007120811906238539,0.018494153960018307,0.014018582019491334,0.01911099408612289,0.11410584884748384,0.0,0.7071067811865476
sgd,creditcard,PW-AE,0.128,0.4820419376474974,0.9725586384346314,0.5643250688705235,0.7312673450508789,0.4594594594594595,24.40141749382019,50000.0,42.5,0.022044534753494317,0.001104636312668812,0.0033115193609287528,0.01112008814076899,0.0,0.1510441898194016,0.0,0.7071067811865476
sgd,creditcard,PW-AE,0.256,0.48827184316962924,0.973323808744153,0.5531240955719201,0.6820710521178996,0.46621621621621623,23.16414511203766,50000.0,42.5,0.01643696132617367,0.0013797890849809931,0.000841333598221693,0.04340915141190107,0.01911099408612289,0.006813796705059216,0.0,0.7071067811865476
sgd,shuttle,AE,0.001,0.6266502266521787,0.9240652404649912,0.611304354883918,0.6005417569456868,0.6634861862717174,11.200124263763428,50000.0,42.5,0.3025467710322566,0.06235704671376489,0.23525878151644633,0.3546076951859845,0.0739128990872865,0.04405896673413627,0.0,0.7071067811865476
sgd,shuttle,AE,0.0020000000000000005,0.8209974969092926,0.9620199150221047,0.748861838280078,0.849395807814586,0.6708914839077186,11.23999035358429,50000.0,42.5,0.10396347048885358,0.019112413209481413,0.14398487980975905,0.11912275912294322,0.15608309752764865,0.24252190146356856,0.0,0.7071067811865476
sgd,shuttle,AE,0.004000000000000001,0.8987331691631046,0.9735786637087696,0.8468266895033816,0.9193955480215907,0.785246368555967,11.394080519676208,50000.0,42.5,0.035495423788291174,0.0069687323583871265,0.054487459495535434,0.0366949841945816,0.06686398500539277,0.04791000857627368,0.0,0.7071067811865476
sgd,shuttle,AE,0.008000000000000004,0.9284360785356776,0.9775828230703828,0.8961684406664273,0.9509364026531408,0.8480489888920535,11.289169549942017,50000.0,42.5,0.008239802341788213,0.0019120352300182602,0.014250952887905418,0.01428717508389296,0.036855750771044776,0.15951503202051512,0.0,0.7071067811865476
sgd,shuttle,AE,0.016,0.9409016268172272,0.9795015222697689,0.920531608034582,0.957453089569161,0.8869268014810595,11.350786089897156,50000.0,42.5,0.004662892163499373,0.0004188985882275324,0.009196835129256203,0.03536756511194995,0.013292237982999725,0.07837442502952406,0.0,0.7071067811865476
sgd,shuttle,AE,0.03200000000000001,0.923929818911598,0.9796290804577894,0.9105731624947927,0.9292108090372282,0.8931928225576758,11.129038453102112,50000.0,42.5,0.02823020735182243,0.0020578591403046845,0.033356858896686443,0.05720354306935182,0.011278262531030097,0.050844777931784255,0.0,0.7071067811865476
sgd,shuttle,AE,0.06399999999999999,0.8355919784013583,0.9724148764336911,0.7854039312306784,0.7959792792358039,0.7784107091996582,11.217193365097046,50000.0,42.5,0.009585136191530908,0.004494271973852937,0.03130352165454848,0.021183147208249795,0.08136460825957426,0.14375413372616927,0.0,0.7071067811865476
sgd,shuttle,AE,0.128,0.6773076876860238,0.9551589983198382,0.6236768005658399,0.54986612064368,0.7211620620905725,11.25209927558899,50000.0,42.5,0.04585375947568802,0.012927402084207196,0.0768055312199263,0.0529604785101773,0.11399101058148267,0.05340039423809083,0.0,0.7071067811865476
sgd,shuttle,AE,0.256,0.5629138223494073,0.9400133253821064,0.5543710785729061,0.43372507988127934,0.768014810595272,11.497967958450317,50000.0,42.5,0.0065013083745138105,0.0007102592408006475,0.008158901237141827,0.007611508985859045,0.00745170917228776,0.005186759765144663,0.0,0.7071067811865476
sgd,shuttle,DAE,0.001,0.6602903102287792,0.9341028190222098,0.6466942296630087,0.6199491321239627,0.7072059242381088,18.29946506023407,50000.0,42.5,0.3121815633608051,0.05864788763333113,0.2363338977421814,0.33385479197242635,0.09667082169454365,0.0212536441796796,0.0,0.7071067811865476
sgd,shuttle,DAE,0.0020000000000000005,0.8600641207608136,0.969389727414725,0.7865320840529697,0.8800319070769292,0.7120478496154942,20.160117626190186,50000.0,42.5,0.10185818825990846,0.016839619866267266,0.14934826060461048,0.12753700772809753,0.16071524106717883,0.09114036826868578,0.0,0.7071067811865476
sgd,shuttle,DAE,0.004000000000000001,0.9218224707267808,0.9769046391206043,0.8799319708627249,0.954925720031273,0.8165764739390488,20.344475984573364,50000.0,42.5,0.03403409345681751,0.006237394986402859,0.05141840542119523,0.023996720170270772,0.07089193590933203,0.10340712423408446,0.0,0.7071067811865476
sgd,shuttle,DAE,0.008000000000000004,0.9387834621859816,0.9792968830979315,0.9105736859997149,0.970844185825481,0.8584448874964398,20.4415944814682,50000.0,42.5,0.009760167792378153,0.0020071231816981734,0.01591728838460696,0.02106379753233053,0.0447102550337264,0.1222111935783109,0.0,0.7071067811865476
sgd,shuttle,DAE,0.016,0.9441015333161418,0.980979534670779,0.9283839676713317,0.9685257423548707,0.8916263172885217,20.437485933303833,50000.0,42.5,2.2300230204707178e-05,0.0003019416888725153,0.0004466830027932605,0.015467441599483484,0.01228525025701495,0.13314492901900704,0.0,0.7071067811865476
sgd,shuttle,DAE,0.03200000000000001,0.9355568111415165,0.9826836167189847,0.9150491224945496,0.941058249247539,0.890487040729137,20.475025415420532,50000.0,42.5,0.007576004688886279,0.0006133775936144976,0.01800912594453454,0.025720999046847205,0.011076864985833065,0.13436988502412767,0.0,0.7071067811865476
sgd,shuttle,DAE,0.06399999999999999,0.8359525235501606,0.9758534305686275,0.7519829096445827,0.7824837777188838,0.7242950726288806,15.538266062736511,50000.0,42.5,0.04085984337409396,0.0033793444237061035,0.04244120781074844,0.06641667765854184,0.02175093488127226,0.25937659477046915,0.0,0.7071067811865476
sgd,shuttle,DAE,0.128,0.674301621117432,0.9602593983474643,0.6212996619312257,0.4837205366597973,0.8682711478211336,14.800920248031616,50000.0,42.5,0.03584835576368769,0.002296067205103771,0.0040388756630269996,0.004833759145829892,0.00020139754519691558,0.4416979608698052,0.0,0.7071067811865476
sgd,shuttle,DAE,0.256,0.5655493467820218,0.9478667854910507,0.5796365717963676,0.432086265641506,0.8805183708345201,14.043146967887878,50000.0,42.5,0.004536821114758325,0.0009442304731105814,0.00014568711448215138,0.004446190807561003,0.01913276679371173,0.14128213676730833,0.0,0.7071067811865476
sgd,shuttle,PW-AE,0.001,0.48000220291347284,0.8222733222083966,0.48979977853122814,0.44075418568807356,0.8657077755625178,20.333552956581116,50000.0,42.5,0.5176450613312039,0.2118019289968614,0.4234176737205637,0.47329750115550184,0.08801072725107413,0.06201133256365456,0.0,0.7071067811865476
sgd,shuttle,PW-AE,0.0020000000000000005,0.6421037004306799,0.9309240859711697,0.6363618854834325,0.6258056149111726,0.6952435203645685,20.378685116767883,50000.0,42.5,0.34621326475331426,0.06480299352490594,0.2626560969713024,0.39143018892095416,0.08418417389233175,0.0220146476763923,0.0,0.7071067811865476
sgd,shuttle,PW-AE,0.004000000000000001,0.8615354727029282,0.9709325591937533,0.7858365922990783,0.8192034892228472,0.7584733694104244,20.19238030910492,50000.0,42.5,0.10448708433285915,0.016824422052125122,0.15361887207499836,0.21688744963013581,0.09828200205611932,0.17293711739729445,0.0,0.7071067811865476
sgd,shuttle,PW-AE,0.008000000000000004,0.9303025323321066,0.9792677176579982,0.8910925677980923,0.974218223892491,0.8215608088863571,20.216781616210938,50000.0,42.5,0.029619414105048286,0.005437207981980126,0.040769538097656446,0.016652734442412363,0.057398300381135345,0.044667567226633585,0.0,0.7071067811865476
sgd,shuttle,PW-AE,0.016,0.9492349880878872,0.9819527656578269,0.9238721863056121,0.9700033184850012,0.8822272856735973,19.89780044555664,50000.0,42.5,0.005119155390381678,0.0011219697930952583,0.0072705687706908564,0.011490056622584125,0.02275792260725715,0.02925564483795794,0.0,0.7071067811865476
sgd,shuttle,PW-AE,0.03200000000000001,0.9557539373968906,0.9835645279672889,0.9426874978507812,0.9765077610951491,0.9111364283679864,20.026704788208008,50000.0,42.5,0.00013065621978204835,5.795050235491027e-05,0.0025774573470882093,0.00506871467549145,0.0004027950903939489,0.2490201025669782,0.0,0.7071067811865476
sgd,shuttle,PW-AE,0.06399999999999999,0.958373087092538,0.984811919088072,0.9526736900477311,0.9856855009260743,0.9218171461122187,19.894102811813354,50000.0,42.5,0.0002252688673753564,0.00034107164231912733,0.004250833747797592,0.00012022332730742993,0.00785450426268163,0.15305880917822234,0.0,0.7071067811865476
sgd,shuttle,PW-AE,0.128,0.9596768502714452,0.9856135344535752,0.9583614251577914,0.9874593044519417,0.9309313585872971,19.97943139076233,50000.0,42.5,0.00020659867163272343,0.0003995699728579494,0.003377747816857887,0.001960153348265402,0.004632143539530275,0.2525938181459139,0.0,0.7071067811865476
sgd,shuttle,PW-AE,0.256,0.9604506339083028,0.9859754845608545,0.9613106814853574,0.9881222448785825,0.9359156935346056,19.775555729866028,50000.0,42.5,9.04117882556981e-05,0.0002125219917113999,0.0013406027464263283,0.001485896444779504,0.0012083852711817682,0.0871517591130088,0.0,0.7071067811865476
